0 verbose cli C:\Program Files\nodejs\node.exe C:\Program Files\nodejs\node_modules\npm\bin\npm-cli.js
1 info using npm@11.12.1
2 info using node@v24.15.0
3 silly config load:file:C:\Program Files\nodejs\node_modules\npm\npmrc
4 silly config load:file:C:\Users\Adelin\Documents\Codex\2026-08-21\files-pasted-by-the-user-construie\.npmrc
5 silly config load:file:C:\Users\Adelin\.npmrc
6 silly config load:file:C:\Users\Adelin\AppData\Roaming\npm\etc\npmrc
7 verbose title npm install
8 verbose argv "install" "--cache" ".npm-cache"
9 verbose logfile logs-max:10 dir:C:\Users\Adelin\Documents\Codex\2026-08-21\files-pasted-by-the-user-construie\.npm-cache\_logs\2026-08-21T15_18_11_378Z-
10 verbose logfile C:\Users\Adelin\Documents\Codex\2026-08-21\files-pasted-by-the-user-construie\.npm-cache\_logs\2026-08-21T15_18_11_378Z-debug-0.log
11 silly logfile done cleaning log files
12 silly packumentCache heap:4496293888 maxSize:1124073472 maxEntrySize:562036736
13 silly idealTree buildDeps
14 silly fetch manifest @supabase/supabase-js@^2.49.1
15 silly packumentCache full:https://registry.npmjs.org/@supabase%2fsupabase-js cache-miss
16 http fetch GET 200 https://registry.npmjs.org/npm 368ms
17 http fetch GET 200 https://registry.npmjs.org/@supabase%2fsupabase-js 381ms (cache miss)
18 silly packumentCache full:https://registry.npmjs.org/@supabase%2fsupabase-js set size:undefined disposed:false
19 silly fetch manifest @opentelemetry/api@>=1.0.0
20 silly packumentCache full:https://registry.npmjs.org/@opentelemetry%2fapi cache-miss
21 http fetch GET 200 https://registry.npmjs.org/@opentelemetry%2fapi 116ms (cache miss)
22 silly packumentCache full:https://registry.npmjs.org/@opentelemetry%2fapi set size:undefined disposed:false
23 silly fetch manifest react@^19.0.0
24 silly packumentCache full:https://registry.npmjs.org/react cache-miss
25 http fetch GET 200 https://registry.npmjs.org/react 516ms (cache miss)
26 silly packumentCache full:https://registry.npmjs.org/react set size:undefined disposed:false
27 silly fetch manifest react-dom@^19.0.0
28 silly packumentCache full:https://registry.npmjs.org/react-dom cache-miss
29 http fetch GET 200 https://registry.npmjs.org/react-dom 334ms (cache miss)
30 silly packumentCache full:https://registry.npmjs.org/react-dom set size:undefined disposed:false
31 silly fetch manifest @types/react@^19.0.8
32 silly packumentCache full:https://registry.npmjs.org/@types%2freact cache-miss
33 http fetch GET 200 https://registry.npmjs.org/@types%2freact 217ms (cache miss)
34 silly packumentCache full:https://registry.npmjs.org/@types%2freact set size:undefined disposed:false
35 silly fetch manifest @types/react-dom@^19.0.3
36 silly packumentCache full:https://registry.npmjs.org/@types%2freact-dom cache-miss
37 http fetch GET 200 https://registry.npmjs.org/@types%2freact-dom 234ms (cache miss)
38 silly packumentCache full:https://registry.npmjs.org/@types%2freact-dom set size:undefined disposed:false
39 silly fetch manifest @vitejs/plugin-react@^4.4.1
40 silly packumentCache full:https://registry.npmjs.org/@vitejs%2fplugin-react cache-miss
41 http fetch GET 200 https://registry.npmjs.org/@vitejs%2fplugin-react 65ms (cache miss)
42 silly packumentCache full:https://registry.npmjs.org/@vitejs%2fplugin-react set size:undefined disposed:false
43 silly fetch manifest vite@^6.1.0
44 silly packumentCache full:https://registry.npmjs.org/vite cache-miss
45 http fetch GET 200 https://registry.npmjs.org/vite 1722ms (cache miss)
46 silly packumentCache full:https://registry.npmjs.org/vite set size:undefined disposed:false
47 silly fetch manifest @types/node@^18.0.0 || ^20.0.0 || >=22.0.0
48 silly packumentCache full:https://registry.npmjs.org/@types%2fnode cache-miss
49 http fetch GET 200 https://registry.npmjs.org/@types%2fnode 362ms (cache miss)
50 silly packumentCache full:https://registry.npmjs.org/@types%2fnode set size:undefined disposed:false
51 silly fetch manifest jiti@>=1.21.0
52 silly packumentCache full:https://registry.npmjs.org/jiti cache-miss
53 http fetch GET 200 https://registry.npmjs.org/jiti 67ms (cache miss)
54 silly packumentCache full:https://registry.npmjs.org/jiti set size:undefined disposed:false
55 silly fetch manifest less@*
56 silly packumentCache full:https://registry.npmjs.org/less cache-miss
57 http fetch GET 200 https://registry.npmjs.org/less 69ms (cache miss)
58 silly packumentCache full:https://registry.npmjs.org/less set size:undefined disposed:false
59 silly fetch manifest lightningcss@^1.21.0
60 silly packumentCache full:https://registry.npmjs.org/lightningcss cache-miss
61 http fetch GET 200 https://registry.npmjs.org/lightningcss 42ms (cache miss)
62 silly packumentCache full:https://registry.npmjs.org/lightningcss set size:undefined disposed:false
63 silly fetch manifest sass@*
64 silly packumentCache full:https://registry.npmjs.org/sass cache-miss
65 http fetch GET 200 https://registry.npmjs.org/sass 104ms (cache miss)
66 silly packumentCache full:https://registry.npmjs.org/sass set size:undefined disposed:false
67 silly fetch manifest sass-embedded@*
68 silly packumentCache full:https://registry.npmjs.org/sass-embedded cache-miss
69 http fetch GET 200 https://registry.npmjs.org/sass-embedded 54ms (cache miss)
70 silly packumentCache full:https://registry.npmjs.org/sass-embedded set size:undefined disposed:false
71 silly fetch manifest stylus@*
72 silly packumentCache full:https://registry.npmjs.org/stylus cache-miss
73 http fetch GET 200 https://registry.npmjs.org/stylus 53ms (cache miss)
74 silly packumentCache full:https://registry.npmjs.org/stylus set size:undefined disposed:false
75 silly fetch manifest sugarss@*
76 silly packumentCache full:https://registry.npmjs.org/sugarss cache-miss
77 http fetch GET 200 https://registry.npmjs.org/sugarss 44ms (cache miss)
78 silly packumentCache full:https://registry.npmjs.org/sugarss set size:undefined disposed:false
79 silly fetch manifest postcss@^8.5.1
80 silly packumentCache full:https://registry.npmjs.org/postcss cache-miss
81 http fetch GET 200 https://registry.npmjs.org/postcss 66ms (cache miss)
82 silly packumentCache full:https://registry.npmjs.org/postcss set size:undefined disposed:false
83 silly fetch manifest terser@^5.16.0
84 silly packumentCache full:https://registry.npmjs.org/terser cache-miss
85 http fetch GET 200 https://registry.npmjs.org/terser 152ms (cache miss)
86 silly packumentCache full:https://registry.npmjs.org/terser set size:undefined disposed:false
87 silly fetch manifest tsx@^4.8.1
88 silly packumentCache full:https://registry.npmjs.org/tsx cache-miss
89 http fetch GET 200 https://registry.npmjs.org/tsx 48ms (cache miss)
90 silly packumentCache full:https://registry.npmjs.org/tsx set size:undefined disposed:false
91 silly fetch manifest yaml@^2.4.2
92 silly packumentCache full:https://registry.npmjs.org/yaml cache-miss
93 http fetch GET 200 https://registry.npmjs.org/yaml 50ms (cache miss)
94 silly packumentCache full:https://registry.npmjs.org/yaml set size:undefined disposed:false
95 silly fetch manifest autoprefixer@^10.4.20
96 silly packumentCache full:https://registry.npmjs.org/autoprefixer cache-miss
97 http fetch GET 200 https://registry.npmjs.org/autoprefixer 84ms (cache miss)
98 silly packumentCache full:https://registry.npmjs.org/autoprefixer set size:undefined disposed:false
99 silly fetch manifest tailwindcss@^3.4.17
100 silly packumentCache full:https://registry.npmjs.org/tailwindcss cache-miss
101 http fetch GET 200 https://registry.npmjs.org/tailwindcss 286ms (cache miss)
102 silly packumentCache full:https://registry.npmjs.org/tailwindcss set size:undefined disposed:false
103 silly fetch manifest typescript@~5.7.2
104 silly packumentCache full:https://registry.npmjs.org/typescript cache-miss
105 http fetch GET 200 https://registry.npmjs.org/typescript 390ms (cache miss)
106 silly packumentCache full:https://registry.npmjs.org/typescript set size:undefined disposed:false
107 silly placeDep ROOT @supabase/supabase-js@2.112.3 OK for: planifica-mese@1.0.0 want: ^2.49.1
108 silly placeDep ROOT @types/react@19.2.18 OK for: planifica-mese@1.0.0 want: ^19.0.8
109 silly placeDep ROOT @types/react-dom@19.2.4 OK for: planifica-mese@1.0.0 want: ^19.0.3
110 silly placeDep ROOT @vitejs/plugin-react@4.7.0 OK for: planifica-mese@1.0.0 want: ^4.4.1
111 silly placeDep ROOT vite@6.4.3 OK for: @vitejs/plugin-react@4.7.0 want: ^4.2.0 || ^5.0.0 || ^6.0.0 || ^7.0.0
112 silly placeDep ROOT autoprefixer@10.5.4 OK for: planifica-mese@1.0.0 want: ^10.4.20
113 silly placeDep ROOT postcss@8.5.26 OK for: autoprefixer@10.5.4 want: ^8.1.0
114 silly placeDep ROOT react@19.2.8 OK for: planifica-mese@1.0.0 want: ^19.0.0
115 silly placeDep ROOT react-dom@19.2.8 OK for: planifica-mese@1.0.0 want: ^19.0.0
116 silly placeDep ROOT tailwindcss@3.4.19 OK for: planifica-mese@1.0.0 want: ^3.4.17
117 silly placeDep ROOT typescript@5.7.3 OK for: planifica-mese@1.0.0 want: ~5.7.2
118 silly fetch manifest @supabase/auth-js@2.112.3
119 silly packumentCache full:https://registry.npmjs.org/@supabase%2fauth-js cache-miss
120 silly fetch manifest @supabase/storage-js@2.112.3
121 silly packumentCache full:https://registry.npmjs.org/@supabase%2fstorage-js cache-miss
122 silly fetch manifest @supabase/realtime-js@2.112.3
123 silly packumentCache full:https://registry.npmjs.org/@supabase%2frealtime-js cache-miss
124 silly fetch manifest @supabase/functions-js@2.112.3
125 silly packumentCache full:https://registry.npmjs.org/@supabase%2ffunctions-js cache-miss
126 silly fetch manifest @supabase/postgrest-js@2.112.3
127 silly packumentCache full:https://registry.npmjs.org/@supabase%2fpostgrest-js cache-miss
128 silly fetch manifest csstype@^3.2.2
129 silly packumentCache full:https://registry.npmjs.org/csstype cache-miss
130 silly fetch manifest @babel/core@^7.28.0
131 silly packumentCache full:https://registry.npmjs.org/@babel%2fcore cache-miss
132 silly fetch manifest react-refresh@^0.17.0
133 silly packumentCache full:https://registry.npmjs.org/react-refresh cache-miss
134 silly fetch manifest @types/babel__core@^7.20.5
135 silly packumentCache full:https://registry.npmjs.org/@types%2fbabel__core cache-miss
136 silly fetch manifest @rolldown/pluginutils@1.0.0-beta.27
137 silly packumentCache full:https://registry.npmjs.org/@rolldown%2fpluginutils cache-miss
138 silly fetch manifest @babel/plugin-transform-react-jsx-self@^7.27.1
139 silly packumentCache full:https://registry.npmjs.org/@babel%2fplugin-transform-react-jsx-self cache-miss
140 http fetch GET 200 https://registry.npmjs.org/@supabase%2fauth-js 167ms (cache miss)
141 silly packumentCache full:https://registry.npmjs.org/@supabase%2fauth-js set size:undefined disposed:false
142 silly fetch manifest @babel/plugin-transform-react-jsx-source@^7.27.1
143 silly packumentCache full:https://registry.npmjs.org/@babel%2fplugin-transform-react-jsx-source cache-miss
144 http fetch GET 200 https://registry.npmjs.org/@types%2fbabel__core 199ms (cache miss)
145 silly packumentCache full:https://registry.npmjs.org/@types%2fbabel__core set size:undefined disposed:false
146 silly fetch manifest fdir@^6.4.4
147 silly packumentCache full:https://registry.npmjs.org/fdir cache-miss
148 http fetch GET 200 https://registry.npmjs.org/csstype 213ms (cache miss)
149 silly packumentCache full:https://registry.npmjs.org/csstype set size:undefined disposed:false
150 silly fetch manifest rollup@^4.34.9
151 silly packumentCache full:https://registry.npmjs.org/rollup cache-miss
152 http fetch GET 200 https://registry.npmjs.org/@babel%2fplugin-transform-react-jsx-source 67ms (cache miss)
153 silly packumentCache full:https://registry.npmjs.org/@babel%2fplugin-transform-react-jsx-source set size:undefined disposed:false
154 silly fetch manifest esbuild@^0.25.0
155 silly packumentCache full:https://registry.npmjs.org/esbuild cache-miss
156 http fetch GET 200 https://registry.npmjs.org/@babel%2fplugin-transform-react-jsx-self 250ms (cache miss)
157 silly packumentCache full:https://registry.npmjs.org/@babel%2fplugin-transform-react-jsx-self set size:undefined disposed:false
158 silly fetch manifest postcss@^8.5.3
159 silly packumentCache full:https://registry.npmjs.org/postcss cache-miss
160 http fetch GET 200 https://registry.npmjs.org/@rolldown%2fpluginutils 265ms (cache miss)
161 silly packumentCache full:https://registry.npmjs.org/@rolldown%2fpluginutils set size:undefined disposed:false
162 silly fetch manifest picomatch@^4.0.2
163 silly packumentCache full:https://registry.npmjs.org/picomatch cache-miss
164 http cache https://registry.npmjs.org/postcss 46ms (cache hit)
165 silly packumentCache full:https://registry.npmjs.org/postcss set size:760024 disposed:false
166 silly fetch manifest tinyglobby@^0.2.13
167 silly packumentCache full:https://registry.npmjs.org/tinyglobby cache-miss
168 http fetch GET 200 https://registry.npmjs.org/fdir 128ms (cache miss)
169 silly packumentCache full:https://registry.npmjs.org/fdir set size:undefined disposed:false
170 silly fetch manifest fsevents@~2.3.3
171 silly packumentCache full:https://registry.npmjs.org/fsevents cache-miss
172 http fetch GET 200 https://registry.npmjs.org/@supabase%2ffunctions-js 393ms (cache miss)
173 silly packumentCache full:https://registry.npmjs.org/@supabase%2ffunctions-js set size:undefined disposed:false
174 silly fetch manifest picocolors@^1.1.1
175 silly packumentCache full:https://registry.npmjs.org/picocolors cache-miss
176 http fetch GET 200 https://registry.npmjs.org/picomatch 144ms (cache miss)
177 silly packumentCache full:https://registry.npmjs.org/picomatch set size:undefined disposed:false
178 silly fetch manifest fraction.js@^5.3.4
179 silly packumentCache full:https://registry.npmjs.org/fraction.js cache-miss
180 http fetch GET 200 https://registry.npmjs.org/tinyglobby 119ms (cache miss)
181 silly packumentCache full:https://registry.npmjs.org/tinyglobby set size:undefined disposed:false
182 silly fetch manifest browserslist@^4.28.6
183 silly packumentCache full:https://registry.npmjs.org/browserslist cache-miss
184 http fetch GET 200 https://registry.npmjs.org/fsevents 163ms (cache miss)
185 silly packumentCache full:https://registry.npmjs.org/fsevents set size:undefined disposed:false
186 silly fetch manifest caniuse-lite@^1.0.30001806
187 silly packumentCache full:https://registry.npmjs.org/caniuse-lite cache-miss
188 http fetch GET 200 https://registry.npmjs.org/picocolors 147ms (cache miss)
189 silly packumentCache full:https://registry.npmjs.org/picocolors set size:undefined disposed:false
190 silly fetch manifest postcss-value-parser@^4.2.0
191 silly packumentCache full:https://registry.npmjs.org/postcss-value-parser cache-miss
192 http fetch GET 200 https://registry.npmjs.org/@supabase%2fstorage-js 600ms (cache miss)
193 silly packumentCache full:https://registry.npmjs.org/@supabase%2fstorage-js set size:undefined disposed:false
194 silly fetch manifest nanoid@^3.3.17
195 silly packumentCache full:https://registry.npmjs.org/nanoid cache-miss
196 http fetch GET 200 https://registry.npmjs.org/fraction.js 201ms (cache miss)
197 silly packumentCache full:https://registry.npmjs.org/fraction.js set size:undefined disposed:false
198 silly fetch manifest source-map-js@^1.2.1
199 silly packumentCache full:https://registry.npmjs.org/source-map-js cache-miss
200 http fetch GET 200 https://registry.npmjs.org/@babel%2fcore 627ms (cache miss)
201 silly packumentCache full:https://registry.npmjs.org/@babel%2fcore set size:undefined disposed:false
202 silly fetch manifest scheduler@^0.27.0
203 silly packumentCache full:https://registry.npmjs.org/scheduler cache-miss
204 http fetch GET 200 https://registry.npmjs.org/browserslist 233ms (cache miss)
205 silly packumentCache full:https://registry.npmjs.org/browserslist set size:undefined disposed:false
206 silly fetch manifest arg@^5.0.2
207 silly packumentCache full:https://registry.npmjs.org/arg cache-miss
208 http fetch GET 200 https://registry.npmjs.org/@supabase%2frealtime-js 687ms (cache miss)
209 silly packumentCache full:https://registry.npmjs.org/@supabase%2frealtime-js set size:undefined disposed:false
210 silly fetch manifest dlv@^1.1.3
211 silly packumentCache full:https://registry.npmjs.org/dlv cache-miss
212 http fetch GET 200 https://registry.npmjs.org/postcss-value-parser 173ms (cache miss)
213 silly packumentCache full:https://registry.npmjs.org/postcss-value-parser set size:undefined disposed:false
214 silly fetch manifest jiti@^1.21.7
215 silly packumentCache full:https://registry.npmjs.org/jiti cache-miss
216 http fetch GET 200 https://registry.npmjs.org/source-map-js 109ms (cache miss)
217 silly packumentCache full:https://registry.npmjs.org/source-map-js set size:undefined disposed:false
218 silly fetch manifest is-glob@^4.0.3
219 silly packumentCache full:https://registry.npmjs.org/is-glob cache-miss
220 http cache https://registry.npmjs.org/jiti 36ms (cache hit)
221 silly packumentCache full:https://registry.npmjs.org/jiti set size:387989 disposed:false
222 silly fetch manifest resolve@^1.22.8
223 silly packumentCache full:https://registry.npmjs.org/resolve cache-miss
224 http fetch GET 200 https://registry.npmjs.org/nanoid 173ms (cache miss)
225 silly packumentCache full:https://registry.npmjs.org/nanoid set size:undefined disposed:false
226 silly fetch manifest sucrase@^3.35.0
227 silly packumentCache full:https://registry.npmjs.org/sucrase cache-miss
228 http fetch GET 200 https://registry.npmjs.org/@supabase%2fpostgrest-js 801ms (cache miss)
229 silly packumentCache full:https://registry.npmjs.org/@supabase%2fpostgrest-js set size:undefined disposed:false
230 silly fetch manifest chokidar@^3.6.0
231 silly packumentCache full:https://registry.npmjs.org/chokidar cache-miss
232 http fetch GET 200 https://registry.npmjs.org/esbuild 581ms (cache miss)
233 silly packumentCache full:https://registry.npmjs.org/esbuild set size:undefined disposed:false
234 silly fetch manifest fast-glob@^3.3.2
235 silly packumentCache full:https://registry.npmjs.org/fast-glob cache-miss
236 http fetch GET 200 https://registry.npmjs.org/is-glob 140ms (cache miss)
237 silly packumentCache full:https://registry.npmjs.org/is-glob set size:undefined disposed:false
238 silly fetch manifest lilconfig@^3.1.3
239 silly packumentCache full:https://registry.npmjs.org/lilconfig cache-miss
240 http fetch GET 200 https://registry.npmjs.org/arg 209ms (cache miss)
241 silly packumentCache full:https://registry.npmjs.org/arg set size:undefined disposed:false
242 silly fetch manifest didyoumean@^1.2.2
243 silly packumentCache full:https://registry.npmjs.org/didyoumean cache-miss
244 http fetch GET 200 https://registry.npmjs.org/resolve 127ms (cache miss)
245 silly packumentCache full:https://registry.npmjs.org/resolve set size:undefined disposed:false
246 silly fetch manifest micromatch@^4.0.8
247 silly packumentCache full:https://registry.npmjs.org/micromatch cache-miss
248 http fetch GET 200 https://registry.npmjs.org/react-refresh 928ms (cache miss)
249 silly packumentCache full:https://registry.npmjs.org/react-refresh set size:undefined disposed:false
250 silly fetch manifest postcss-js@^4.0.1
251 silly packumentCache full:https://registry.npmjs.org/postcss-js cache-miss
252 http fetch GET 200 https://registry.npmjs.org/fast-glob 165ms (cache miss)
253 silly packumentCache full:https://registry.npmjs.org/fast-glob set size:undefined disposed:false
254 silly fetch manifest glob-parent@^6.0.2
255 silly packumentCache full:https://registry.npmjs.org/glob-parent cache-miss
256 http fetch GET 200 https://registry.npmjs.org/dlv 331ms (cache miss)
257 silly packumentCache full:https://registry.npmjs.org/dlv set size:undefined disposed:false
258 silly fetch manifest object-hash@^3.0.0
259 silly packumentCache full:https://registry.npmjs.org/object-hash cache-miss
260 http fetch GET 200 https://registry.npmjs.org/lilconfig 153ms (cache miss)
261 silly packumentCache full:https://registry.npmjs.org/lilconfig set size:undefined disposed:false
262 silly fetch manifest normalize-path@^3.0.0
263 silly packumentCache full:https://registry.npmjs.org/normalize-path cache-miss
264 http fetch GET 200 https://registry.npmjs.org/micromatch 140ms (cache miss)
265 silly packumentCache full:https://registry.npmjs.org/micromatch set size:undefined disposed:false
266 silly fetch manifest postcss-import@^15.1.0
267 silly packumentCache full:https://registry.npmjs.org/postcss-import cache-miss
268 http fetch GET 200 https://registry.npmjs.org/caniuse-lite 564ms (cache miss)
269 silly packumentCache full:https://registry.npmjs.org/caniuse-lite set size:undefined disposed:false
270 silly fetch manifest postcss-nested@^6.2.0
271 silly packumentCache full:https://registry.npmjs.org/postcss-nested cache-miss
272 http fetch GET 200 https://registry.npmjs.org/sucrase 300ms (cache miss)
273 silly packumentCache full:https://registry.npmjs.org/sucrase set size:undefined disposed:false
274 silly fetch manifest @alloc/quick-lru@^5.2.0
275 silly packumentCache full:https://registry.npmjs.org/@alloc%2fquick-lru cache-miss
276 http fetch GET 200 https://registry.npmjs.org/chokidar 284ms (cache miss)
277 silly packumentCache full:https://registry.npmjs.org/chokidar set size:undefined disposed:false
278 silly fetch manifest postcss-load-config@^4.0.2 || ^5.0 || ^6.0
279 silly packumentCache full:https://registry.npmjs.org/postcss-load-config cache-miss
280 http fetch GET 200 https://registry.npmjs.org/glob-parent 118ms (cache miss)
281 silly packumentCache full:https://registry.npmjs.org/glob-parent set size:undefined disposed:false
282 silly fetch manifest postcss-selector-parser@^6.1.2
283 silly packumentCache full:https://registry.npmjs.org/postcss-selector-parser cache-miss
284 http fetch GET 200 https://registry.npmjs.org/didyoumean 254ms (cache miss)
285 silly packumentCache full:https://registry.npmjs.org/didyoumean set size:undefined disposed:false
286 http fetch GET 200 https://registry.npmjs.org/object-hash 116ms (cache miss)
287 silly packumentCache full:https://registry.npmjs.org/object-hash set size:undefined disposed:false
288 http fetch GET 200 https://registry.npmjs.org/postcss-nested 76ms (cache miss)
289 silly packumentCache full:https://registry.npmjs.org/postcss-nested set size:undefined disposed:false
290 http fetch GET 200 https://registry.npmjs.org/postcss-load-config 70ms (cache miss)
291 silly packumentCache full:https://registry.npmjs.org/postcss-load-config set size:undefined disposed:false
292 http fetch GET 200 https://registry.npmjs.org/@alloc%2fquick-lru 79ms (cache miss)
293 silly packumentCache full:https://registry.npmjs.org/@alloc%2fquick-lru set size:undefined disposed:false
294 http fetch GET 200 https://registry.npmjs.org/rollup 964ms (cache miss)
295 silly packumentCache full:https://registry.npmjs.org/rollup set size:undefined disposed:false
296 http fetch GET 200 https://registry.npmjs.org/postcss-js 269ms (cache miss)
297 silly packumentCache full:https://registry.npmjs.org/postcss-js set size:undefined disposed:false
298 http fetch GET 200 https://registry.npmjs.org/postcss-selector-parser 120ms (cache miss)
299 silly packumentCache full:https://registry.npmjs.org/postcss-selector-parser set size:undefined disposed:false
300 http fetch GET 200 https://registry.npmjs.org/normalize-path 233ms (cache miss)
301 silly packumentCache full:https://registry.npmjs.org/normalize-path set size:undefined disposed:false
302 http fetch GET 200 https://registry.npmjs.org/scheduler 650ms (cache miss)
303 silly packumentCache full:https://registry.npmjs.org/scheduler set size:undefined disposed:false
304 http fetch GET 200 https://registry.npmjs.org/postcss-import 272ms (cache miss)
305 silly packumentCache full:https://registry.npmjs.org/postcss-import set size:undefined disposed:false
306 silly placeDep ROOT @supabase/auth-js@2.112.3 OK for: @supabase/supabase-js@2.112.3 want: 2.112.3
307 silly placeDep ROOT @supabase/functions-js@2.112.3 OK for: @supabase/supabase-js@2.112.3 want: 2.112.3
308 silly placeDep ROOT @supabase/postgrest-js@2.112.3 OK for: @supabase/supabase-js@2.112.3 want: 2.112.3
309 silly placeDep ROOT @supabase/realtime-js@2.112.3 OK for: @supabase/supabase-js@2.112.3 want: 2.112.3
310 silly placeDep ROOT @supabase/storage-js@2.112.3 OK for: @supabase/supabase-js@2.112.3 want: 2.112.3
311 silly fetch manifest tslib@2.8.1
312 silly packumentCache full:https://registry.npmjs.org/tslib cache-miss
313 silly fetch manifest tslib@2.8.1
314 silly packumentCache full:https://registry.npmjs.org/tslib cache-miss
315 silly fetch manifest tslib@2.8.1
316 silly packumentCache full:https://registry.npmjs.org/tslib cache-miss
317 silly fetch manifest tslib@2.8.1
318 silly packumentCache full:https://registry.npmjs.org/tslib cache-miss
319 silly fetch manifest @supabase/phoenix@0.4.5
320 silly packumentCache full:https://registry.npmjs.org/@supabase%2fphoenix cache-miss
321 silly fetch manifest tslib@2.8.1
322 silly packumentCache full:https://registry.npmjs.org/tslib cache-miss
323 silly fetch manifest iceberg-js@^0.8.1
324 silly packumentCache full:https://registry.npmjs.org/iceberg-js cache-miss
325 http fetch GET 200 https://registry.npmjs.org/tslib 77ms (cache miss)
326 silly packumentCache full:https://registry.npmjs.org/tslib set size:undefined disposed:false
327 http fetch GET 200 https://registry.npmjs.org/tslib 80ms (cache miss)
328 silly packumentCache full:https://registry.npmjs.org/tslib set size:undefined disposed:false
329 http fetch GET 200 https://registry.npmjs.org/tslib 82ms (cache miss)
330 silly packumentCache full:https://registry.npmjs.org/tslib set size:undefined disposed:false
331 http fetch GET 200 https://registry.npmjs.org/tslib 82ms (cache miss)
332 silly packumentCache full:https://registry.npmjs.org/tslib set size:undefined disposed:false
333 http fetch GET 200 https://registry.npmjs.org/tslib 85ms (cache miss)
334 silly packumentCache full:https://registry.npmjs.org/tslib set size:undefined disposed:false
335 http fetch GET 200 https://registry.npmjs.org/iceberg-js 256ms (cache miss)
336 silly packumentCache full:https://registry.npmjs.org/iceberg-js set size:undefined disposed:false
337 http fetch GET 200 https://registry.npmjs.org/@supabase%2fphoenix 299ms (cache miss)
338 silly packumentCache full:https://registry.npmjs.org/@supabase%2fphoenix set size:undefined disposed:false
339 silly placeDep ROOT tslib@2.8.1 OK for: @supabase/auth-js@2.112.3 want: 2.8.1
340 silly placeDep ROOT @supabase/phoenix@0.4.5 OK for: @supabase/realtime-js@2.112.3 want: 0.4.5
341 silly placeDep ROOT iceberg-js@0.8.1 OK for: @supabase/storage-js@2.112.3 want: ^0.8.1
342 silly placeDep ROOT csstype@3.2.3 OK for: @types/react@19.2.18 want: ^3.2.2
343 silly placeDep ROOT @babel/core@7.29.7 OK for: @vitejs/plugin-react@4.7.0 want: ^7.28.0
344 silly placeDep ROOT @babel/plugin-transform-react-jsx-self@7.29.7 OK for: @vitejs/plugin-react@4.7.0 want: ^7.27.1
345 silly placeDep ROOT @babel/plugin-transform-react-jsx-source@7.29.7 OK for: @vitejs/plugin-react@4.7.0 want: ^7.27.1
346 silly placeDep ROOT @rolldown/pluginutils@1.0.0-beta.27 OK for: @vitejs/plugin-react@4.7.0 want: 1.0.0-beta.27
347 silly placeDep ROOT @types/babel__core@7.20.5 OK for: @vitejs/plugin-react@4.7.0 want: ^7.20.5
348 silly placeDep ROOT react-refresh@0.17.0 OK for: @vitejs/plugin-react@4.7.0 want: ^0.17.0
349 silly fetch manifest debug@^4.1.0
350 silly packumentCache full:https://registry.npmjs.org/debug cache-miss
351 silly fetch manifest json5@^2.2.3
352 silly packumentCache full:https://registry.npmjs.org/json5 cache-miss
353 silly fetch manifest semver@^6.3.1
354 silly packumentCache full:https://registry.npmjs.org/semver cache-miss
355 silly fetch manifest gensync@^1.0.0-beta.2
356 silly packumentCache full:https://registry.npmjs.org/gensync cache-miss
357 silly fetch manifest @babel/types@^7.29.7
358 silly packumentCache full:https://registry.npmjs.org/@babel%2ftypes cache-miss
359 silly fetch manifest @babel/parser@^7.29.7
360 silly packumentCache full:https://registry.npmjs.org/@babel%2fparser cache-miss
361 silly fetch manifest @babel/helpers@^7.29.7
362 silly packumentCache full:https://registry.npmjs.org/@babel%2fhelpers cache-miss
363 silly fetch manifest @babel/template@^7.29.7
364 silly packumentCache full:https://registry.npmjs.org/@babel%2ftemplate cache-miss
365 silly fetch manifest @babel/traverse@^7.29.7
366 silly packumentCache full:https://registry.npmjs.org/@babel%2ftraverse cache-miss
367 silly fetch manifest @babel/generator@^7.29.7
368 silly packumentCache full:https://registry.npmjs.org/@babel%2fgenerator cache-miss
369 silly fetch manifest @babel/code-frame@^7.29.7
370 silly packumentCache full:https://registry.npmjs.org/@babel%2fcode-frame cache-miss
371 http fetch GET 200 https://registry.npmjs.org/json5 81ms (cache miss)
372 silly packumentCache full:https://registry.npmjs.org/json5 set size:undefined disposed:false
373 silly fetch manifest convert-source-map@^2.0.0
374 silly packumentCache full:https://registry.npmjs.org/convert-source-map cache-miss
375 http fetch GET 200 https://registry.npmjs.org/debug 92ms (cache miss)
376 silly packumentCache full:https://registry.npmjs.org/debug set size:undefined disposed:false
377 silly fetch manifest @jridgewell/remapping@^2.3.5
378 silly packumentCache full:https://registry.npmjs.org/@jridgewell%2fremapping cache-miss
379 http fetch GET 200 https://registry.npmjs.org/gensync 103ms (cache miss)
380 silly packumentCache full:https://registry.npmjs.org/gensync set size:undefined disposed:false
381 silly fetch manifest @babel/helper-module-transforms@^7.29.7
382 silly packumentCache full:https://registry.npmjs.org/@babel%2fhelper-module-transforms cache-miss
383 http fetch GET 200 https://registry.npmjs.org/semver 120ms (cache miss)
384 silly packumentCache full:https://registry.npmjs.org/semver set size:undefined disposed:false
385 silly fetch manifest @babel/helper-compilation-targets@^7.29.7
386 silly packumentCache full:https://registry.npmjs.org/@babel%2fhelper-compilation-targets cache-miss
387 http fetch GET 200 https://registry.npmjs.org/@babel%2ftemplate 129ms (cache miss)
388 silly packumentCache full:https://registry.npmjs.org/@babel%2ftemplate set size:undefined disposed:false
389 silly fetch manifest @babel/helper-plugin-utils@^7.29.7
390 silly packumentCache full:https://registry.npmjs.org/@babel%2fhelper-plugin-utils cache-miss
391 http fetch GET 200 https://registry.npmjs.org/@babel%2ftypes 167ms (cache miss)
392 silly packumentCache full:https://registry.npmjs.org/@babel%2ftypes set size:undefined disposed:false
393 silly fetch manifest @babel/helper-plugin-utils@^7.29.7
394 silly packumentCache full:https://registry.npmjs.org/@babel%2fhelper-plugin-utils cache-miss
395 http fetch GET 200 https://registry.npmjs.org/convert-source-map 125ms (cache miss)
396 silly packumentCache full:https://registry.npmjs.org/convert-source-map set size:undefined disposed:false
397 silly fetch manifest @babel/types@^7.20.7
398 silly packumentCache full:https://registry.npmjs.org/@babel%2ftypes cache-miss
399 http fetch GET 200 https://registry.npmjs.org/@jridgewell%2fremapping 124ms (cache miss)
400 silly packumentCache full:https://registry.npmjs.org/@jridgewell%2fremapping set size:undefined disposed:false
401 silly fetch manifest @babel/parser@^7.20.7
402 silly packumentCache full:https://registry.npmjs.org/@babel%2fparser cache-miss
403 http cache https://registry.npmjs.org/@babel%2ftypes 20ms (cache hit)
404 silly packumentCache full:https://registry.npmjs.org/@babel%2ftypes set size:502938 disposed:false
405 silly fetch manifest @types/babel__template@*
406 silly packumentCache full:https://registry.npmjs.org/@types%2fbabel__template cache-miss
407 http fetch GET 200 https://registry.npmjs.org/@babel%2fhelper-module-transforms 182ms (cache miss)
408 silly packumentCache full:https://registry.npmjs.org/@babel%2fhelper-module-transforms set size:undefined disposed:false
409 silly fetch manifest @types/babel__traverse@*
410 silly packumentCache full:https://registry.npmjs.org/@types%2fbabel__traverse cache-miss
411 http fetch GET 200 https://registry.npmjs.org/@babel%2fhelper-plugin-utils 168ms (cache miss)
412 silly packumentCache full:https://registry.npmjs.org/@babel%2fhelper-plugin-utils set size:undefined disposed:false
413 silly fetch manifest @types/babel__generator@*
414 silly packumentCache full:https://registry.npmjs.org/@types%2fbabel__generator cache-miss
415 http fetch GET 200 https://registry.npmjs.org/@babel%2fhelper-plugin-utils 142ms (cache miss)
416 silly packumentCache full:https://registry.npmjs.org/@babel%2fhelper-plugin-utils set size:undefined disposed:false
417 http fetch GET 200 https://registry.npmjs.org/@babel%2fhelpers 323ms (cache miss)
418 silly packumentCache full:https://registry.npmjs.org/@babel%2fhelpers set size:undefined disposed:false
419 http fetch GET 200 https://registry.npmjs.org/@babel%2fhelper-compilation-targets 207ms (cache miss)
420 silly packumentCache full:https://registry.npmjs.org/@babel%2fhelper-compilation-targets set size:undefined disposed:false
421 http fetch GET 200 https://registry.npmjs.org/@babel%2fparser 342ms (cache miss)
422 silly packumentCache full:https://registry.npmjs.org/@babel%2fparser set size:undefined disposed:false
423 http fetch GET 200 https://registry.npmjs.org/@babel%2fcode-frame 361ms (cache miss)
424 silly packumentCache full:https://registry.npmjs.org/@babel%2fcode-frame set size:undefined disposed:false
425 http fetch GET 200 https://registry.npmjs.org/@babel%2ftraverse 366ms (cache miss)
426 silly packumentCache full:https://registry.npmjs.org/@babel%2ftraverse set size:undefined disposed:false
427 http fetch GET 200 https://registry.npmjs.org/@babel%2fgenerator 373ms (cache miss)
428 silly packumentCache full:https://registry.npmjs.org/@babel%2fgenerator set size:undefined disposed:false
429 http fetch GET 200 https://registry.npmjs.org/@types%2fbabel__template 139ms (cache miss)
430 silly packumentCache full:https://registry.npmjs.org/@types%2fbabel__template set size:undefined disposed:false
431 http fetch GET 200 https://registry.npmjs.org/@types%2fbabel__traverse 100ms (cache miss)
432 silly packumentCache full:https://registry.npmjs.org/@types%2fbabel__traverse set size:undefined disposed:false
433 http fetch GET 200 https://registry.npmjs.org/@babel%2fparser 174ms (cache miss)
434 silly packumentCache full:https://registry.npmjs.org/@babel%2fparser set size:undefined disposed:false
435 http fetch GET 200 https://registry.npmjs.org/@types%2fbabel__generator 109ms (cache miss)
436 silly packumentCache full:https://registry.npmjs.org/@types%2fbabel__generator set size:undefined disposed:false
437 silly fetch manifest @babel/core@^7.0.0
438 silly packumentCache full:https://registry.npmjs.org/@babel%2fcore cache-miss
439 http cache https://registry.npmjs.org/@babel%2fcore 15ms (cache hit)
440 silly packumentCache full:https://registry.npmjs.org/@babel%2fcore set size:788273 disposed:false
441 silly placeDep ROOT @babel/code-frame@7.29.7 OK for: @babel/core@7.29.7 want: ^7.29.7
442 silly placeDep ROOT @babel/generator@7.29.8 OK for: @babel/core@7.29.7 want: ^7.29.7
443 silly placeDep ROOT @babel/helper-compilation-targets@7.29.7 OK for: @babel/core@7.29.7 want: ^7.29.7
444 silly placeDep ROOT @babel/helper-module-transforms@7.29.7 OK for: @babel/core@7.29.7 want: ^7.29.7
445 silly placeDep ROOT @babel/helpers@7.29.7 OK for: @babel/core@7.29.7 want: ^7.29.7
446 silly placeDep ROOT @babel/parser@7.29.8 OK for: @babel/core@7.29.7 want: ^7.29.7
447 silly placeDep ROOT @babel/template@7.29.7 OK for: @babel/core@7.29.7 want: ^7.29.7
448 silly placeDep ROOT @babel/traverse@7.29.8 OK for: @babel/core@7.29.7 want: ^7.29.7
449 silly placeDep ROOT @babel/types@7.29.8 OK for: @babel/core@7.29.7 want: ^7.29.7
450 silly placeDep ROOT @jridgewell/remapping@2.3.5 OK for: @babel/core@7.29.7 want: ^2.3.5
451 silly placeDep ROOT convert-source-map@2.0.0 OK for: @babel/core@7.29.7 want: ^2.0.0
452 silly placeDep ROOT debug@4.4.3 OK for: @babel/core@7.29.7 want: ^4.1.0
453 silly placeDep ROOT gensync@1.0.0-beta.2 OK for: @babel/core@7.29.7 want: ^1.0.0-beta.2
454 silly placeDep ROOT json5@2.2.3 OK for: @babel/core@7.29.7 want: ^2.2.3
455 silly placeDep ROOT semver@6.3.1 OK for: @babel/core@7.29.7 want: ^6.3.1
456 silly fetch manifest js-tokens@^4.0.0
457 silly packumentCache full:https://registry.npmjs.org/js-tokens cache-miss
458 silly fetch manifest @babel/helper-validator-identifier@^7.29.7
459 silly packumentCache full:https://registry.npmjs.org/@babel%2fhelper-validator-identifier cache-miss
460 silly fetch manifest jsesc@^3.0.2
461 silly packumentCache full:https://registry.npmjs.org/jsesc cache-miss
462 silly fetch manifest @babel/types@^7.29.8
463 silly packumentCache full:https://registry.npmjs.org/@babel%2ftypes cache-hit
464 silly fetch manifest @babel/parser@^7.29.8
465 silly packumentCache full:https://registry.npmjs.org/@babel%2fparser cache-miss
466 silly fetch manifest @jridgewell/gen-mapping@^0.3.12
467 silly packumentCache full:https://registry.npmjs.org/@jridgewell%2fgen-mapping cache-miss
468 silly fetch manifest @jridgewell/trace-mapping@^0.3.28
469 silly packumentCache full:https://registry.npmjs.org/@jridgewell%2ftrace-mapping cache-miss
470 silly fetch manifest lru-cache@^5.1.1
471 silly packumentCache full:https://registry.npmjs.org/lru-cache cache-miss
472 silly fetch manifest browserslist@^4.24.0
473 silly packumentCache full:https://registry.npmjs.org/browserslist cache-miss
474 silly fetch manifest @babel/compat-data@^7.29.7
475 silly packumentCache full:https://registry.npmjs.org/@babel%2fcompat-data cache-miss
476 silly fetch manifest @babel/helper-validator-option@^7.29.7
477 silly packumentCache full:https://registry.npmjs.org/@babel%2fhelper-validator-option cache-miss
478 silly fetch manifest @babel/helper-module-imports@^7.29.7
479 silly packumentCache full:https://registry.npmjs.org/@babel%2fhelper-module-imports cache-miss
480 http cache https://registry.npmjs.org/browserslist 48ms (cache hit)
481 silly packumentCache full:https://registry.npmjs.org/browserslist set size:518659 disposed:false
482 silly fetch manifest @babel/helper-validator-identifier@^7.29.7
483 silly packumentCache full:https://registry.npmjs.org/@babel%2fhelper-validator-identifier cache-miss
484 http cache https://registry.npmjs.org/@babel%2fparser 62ms (cache hit)
485 silly packumentCache full:https://registry.npmjs.org/@babel%2fparser set size:737961 disposed:false
486 silly fetch manifest debug@^4.3.1
487 silly packumentCache full:https://registry.npmjs.org/debug cache-miss
488 http fetch GET 200 https://registry.npmjs.org/js-tokens 94ms (cache miss)
489 silly packumentCache full:https://registry.npmjs.org/js-tokens set size:undefined disposed:false
490 silly fetch manifest @babel/helper-globals@^7.29.7
491 silly packumentCache full:https://registry.npmjs.org/@babel%2fhelper-globals cache-miss
492 http fetch GET 200 https://registry.npmjs.org/jsesc 99ms (cache miss)
493 silly packumentCache full:https://registry.npmjs.org/jsesc set size:undefined disposed:false
494 silly fetch manifest @babel/helper-string-parser@^7.29.7
495 silly packumentCache full:https://registry.npmjs.org/@babel%2fhelper-string-parser cache-miss
496 http cache https://registry.npmjs.org/debug 30ms (cache hit)
497 silly packumentCache full:https://registry.npmjs.org/debug set size:195840 disposed:false
498 silly fetch manifest @babel/helper-validator-identifier@^7.29.7
499 silly packumentCache full:https://registry.npmjs.org/@babel%2fhelper-validator-identifier cache-miss
500 http fetch GET 200 https://registry.npmjs.org/@jridgewell%2fgen-mapping 109ms (cache miss)
501 silly packumentCache full:https://registry.npmjs.org/@jridgewell%2fgen-mapping set size:undefined disposed:false
502 silly fetch manifest @jridgewell/gen-mapping@^0.3.5
503 silly packumentCache full:https://registry.npmjs.org/@jridgewell%2fgen-mapping cache-miss
504 http fetch GET 200 https://registry.npmjs.org/@babel%2fhelper-validator-identifier 115ms (cache miss)
505 silly packumentCache full:https://registry.npmjs.org/@babel%2fhelper-validator-identifier set size:undefined disposed:false
506 silly fetch manifest @jridgewell/trace-mapping@^0.3.24
507 silly packumentCache full:https://registry.npmjs.org/@jridgewell%2ftrace-mapping cache-miss
508 http fetch GET 200 https://registry.npmjs.org/@babel%2fhelper-module-imports 108ms (cache miss)
509 silly packumentCache full:https://registry.npmjs.org/@babel%2fhelper-module-imports set size:undefined disposed:false
510 silly fetch manifest ms@^2.1.3
511 silly packumentCache full:https://registry.npmjs.org/ms cache-miss
512 http fetch GET 200 https://registry.npmjs.org/@jridgewell%2ftrace-mapping 121ms (cache miss)
513 silly packumentCache full:https://registry.npmjs.org/@jridgewell%2ftrace-mapping set size:undefined disposed:false
514 http fetch GET 200 https://registry.npmjs.org/lru-cache 132ms (cache miss)
515 silly packumentCache full:https://registry.npmjs.org/lru-cache set size:undefined disposed:false
516 http cache https://registry.npmjs.org/@jridgewell%2fgen-mapping 33ms (cache hit)
517 silly packumentCache full:https://registry.npmjs.org/@jridgewell%2fgen-mapping set size:75941 disposed:false
518 http fetch GET 200 https://registry.npmjs.org/@babel%2fhelper-validator-identifier 87ms (cache miss)
519 silly packumentCache full:https://registry.npmjs.org/@babel%2fhelper-validator-identifier set size:undefined disposed:false
520 http fetch GET 200 https://registry.npmjs.org/@babel%2fhelper-string-parser 57ms (cache miss)
521 silly packumentCache full:https://registry.npmjs.org/@babel%2fhelper-string-parser set size:undefined disposed:false
522 http fetch GET 200 https://registry.npmjs.org/@babel%2fhelper-validator-identifier 61ms (cache miss)
523 silly packumentCache full:https://registry.npmjs.org/@babel%2fhelper-validator-identifier set size:undefined disposed:false
524 http fetch GET 200 https://registry.npmjs.org/@jridgewell%2ftrace-mapping 67ms (cache miss)
525 silly packumentCache full:https://registry.npmjs.org/@jridgewell%2ftrace-mapping set size:undefined disposed:false
526 http fetch GET 200 https://registry.npmjs.org/ms 63ms (cache miss)
527 silly packumentCache full:https://registry.npmjs.org/ms set size:undefined disposed:false
528 http fetch GET 200 https://registry.npmjs.org/@babel%2fhelper-validator-option 234ms (cache miss)
529 silly packumentCache full:https://registry.npmjs.org/@babel%2fhelper-validator-option set size:undefined disposed:false
530 http fetch GET 200 https://registry.npmjs.org/@babel%2fcompat-data 264ms (cache miss)
531 silly packumentCache full:https://registry.npmjs.org/@babel%2fcompat-data set size:undefined disposed:false
532 http fetch GET 200 https://registry.npmjs.org/@babel%2fhelper-globals 226ms (cache miss)
533 silly packumentCache full:https://registry.npmjs.org/@babel%2fhelper-globals set size:undefined disposed:false
534 silly placeDep ROOT @babel/helper-validator-identifier@7.29.7 OK for: @babel/code-frame@7.29.7 want: ^7.29.7
535 silly placeDep ROOT js-tokens@4.0.0 OK for: @babel/code-frame@7.29.7 want: ^4.0.0
536 silly placeDep ROOT picocolors@1.1.1 OK for: @babel/code-frame@7.29.7 want: ^1.1.1
537 silly placeDep ROOT @jridgewell/gen-mapping@0.3.13 OK for: @babel/generator@7.29.8 want: ^0.3.12
538 silly placeDep ROOT @jridgewell/trace-mapping@0.3.31 OK for: @babel/generator@7.29.8 want: ^0.3.28
539 silly placeDep ROOT jsesc@3.1.0 OK for: @babel/generator@7.29.8 want: ^3.0.2
540 silly fetch manifest @jridgewell/sourcemap-codec@^1.5.0
541 silly packumentCache full:https://registry.npmjs.org/@jridgewell%2fsourcemap-codec cache-miss
542 silly fetch manifest @jridgewell/resolve-uri@^3.1.0
543 silly packumentCache full:https://registry.npmjs.org/@jridgewell%2fresolve-uri cache-miss
544 silly fetch manifest @jridgewell/sourcemap-codec@^1.4.14
545 silly packumentCache full:https://registry.npmjs.org/@jridgewell%2fsourcemap-codec cache-miss
546 http fetch GET 200 https://registry.npmjs.org/@jridgewell%2fresolve-uri 50ms (cache miss)
547 silly packumentCache full:https://registry.npmjs.org/@jridgewell%2fresolve-uri set size:undefined disposed:false
548 http fetch GET 200 https://registry.npmjs.org/@jridgewell%2fsourcemap-codec 67ms (cache miss)
549 silly packumentCache full:https://registry.npmjs.org/@jridgewell%2fsourcemap-codec set size:undefined disposed:false
550 http fetch GET 200 https://registry.npmjs.org/@jridgewell%2fsourcemap-codec 75ms (cache miss)
551 silly packumentCache full:https://registry.npmjs.org/@jridgewell%2fsourcemap-codec set size:undefined disposed:false
552 silly placeDep ROOT @babel/compat-data@7.29.7 OK for: @babel/helper-compilation-targets@7.29.7 want: ^7.29.7
553 silly placeDep ROOT @babel/helper-validator-option@7.29.7 OK for: @babel/helper-compilation-targets@7.29.7 want: ^7.29.7
554 silly placeDep ROOT browserslist@4.28.8 OK for: @babel/helper-compilation-targets@7.29.7 want: ^4.24.0
555 silly placeDep ROOT lru-cache@5.1.1 OK for: @babel/helper-compilation-targets@7.29.7 want: ^5.1.1
556 silly fetch manifest caniuse-lite@^1.0.30001809
557 silly packumentCache full:https://registry.npmjs.org/caniuse-lite cache-miss
558 silly fetch manifest node-releases@^2.0.53
559 silly packumentCache full:https://registry.npmjs.org/node-releases cache-miss
560 silly fetch manifest electron-to-chromium@^1.5.402
561 silly packumentCache full:https://registry.npmjs.org/electron-to-chromium cache-miss
562 silly fetch manifest update-browserslist-db@^1.3.0
563 silly packumentCache full:https://registry.npmjs.org/update-browserslist-db cache-miss
564 silly fetch manifest baseline-browser-mapping@^2.11.12
565 silly packumentCache full:https://registry.npmjs.org/baseline-browser-mapping cache-miss
566 silly fetch manifest yallist@^3.0.2
567 silly packumentCache full:https://registry.npmjs.org/yallist cache-miss
568 http cache https://registry.npmjs.org/caniuse-lite 27ms (cache hit)
569 silly packumentCache full:https://registry.npmjs.org/caniuse-lite set size:2311190 disposed:false
570 http fetch GET 200 https://registry.npmjs.org/yallist 66ms (cache miss)
571 silly packumentCache full:https://registry.npmjs.org/yallist set size:undefined disposed:false
572 http fetch GET 200 https://registry.npmjs.org/update-browserslist-db 70ms (cache miss)
573 silly packumentCache full:https://registry.npmjs.org/update-browserslist-db set size:undefined disposed:false
574 http fetch GET 200 https://registry.npmjs.org/node-releases 76ms (cache miss)
575 silly packumentCache full:https://registry.npmjs.org/node-releases set size:undefined disposed:false
576 http fetch GET 200 https://registry.npmjs.org/baseline-browser-mapping 82ms (cache miss)
577 silly packumentCache full:https://registry.npmjs.org/baseline-browser-mapping set size:undefined disposed:false
578 http fetch GET 200 https://registry.npmjs.org/electron-to-chromium 6551ms (cache miss)
579 silly packumentCache full:https://registry.npmjs.org/electron-to-chromium set size:undefined disposed:false
580 silly placeDep ROOT @babel/helper-module-imports@7.29.7 OK for: @babel/helper-module-transforms@7.29.7 want: ^7.29.7
581 silly placeDep ROOT @babel/helper-plugin-utils@7.29.7 OK for: @babel/plugin-transform-react-jsx-self@7.29.7 want: ^7.29.7
582 silly placeDep ROOT @babel/helper-globals@7.29.7 OK for: @babel/traverse@7.29.8 want: ^7.29.7
583 silly placeDep ROOT @babel/helper-string-parser@7.29.7 OK for: @babel/types@7.29.8 want: ^7.29.7
584 silly placeDep ROOT @jridgewell/sourcemap-codec@1.5.5 OK for: @jridgewell/gen-mapping@0.3.13 want: ^1.5.0
585 silly placeDep ROOT @jridgewell/resolve-uri@3.1.2 OK for: @jridgewell/trace-mapping@0.3.31 want: ^3.1.0
586 silly placeDep ROOT @types/babel__generator@7.27.0 OK for: @types/babel__core@7.20.5 want: *
587 silly placeDep ROOT @types/babel__template@7.4.4 OK for: @types/babel__core@7.20.5 want: *
588 silly placeDep ROOT @types/babel__traverse@7.28.0 OK for: @types/babel__core@7.20.5 want: *
589 silly placeDep ROOT caniuse-lite@1.0.30001809 OK for: autoprefixer@10.5.4 want: ^1.0.30001806
590 silly placeDep ROOT fraction.js@5.3.4 OK for: autoprefixer@10.5.4 want: ^5.3.4
591 silly placeDep ROOT postcss-value-parser@4.2.0 OK for: autoprefixer@10.5.4 want: ^4.2.0
592 silly fetch manifest browserslist@>= 4.21.0
593 silly packumentCache full:https://registry.npmjs.org/browserslist cache-hit
594 silly placeDep ROOT baseline-browser-mapping@2.11.17 OK for: browserslist@4.28.8 want: ^2.11.12
595 silly placeDep ROOT electron-to-chromium@1.5.412 OK for: browserslist@4.28.8 want: ^1.5.402
596 silly placeDep ROOT node-releases@2.0.53 OK for: browserslist@4.28.8 want: ^2.0.53
597 silly placeDep ROOT update-browserslist-db@1.3.1 OK for: browserslist@4.28.8 want: ^1.3.0
598 silly fetch manifest escalade@^3.2.0
599 silly packumentCache full:https://registry.npmjs.org/escalade cache-miss
600 http fetch GET 200 https://registry.npmjs.org/escalade 38ms (cache miss)
601 silly packumentCache full:https://registry.npmjs.org/escalade set size:undefined disposed:false
602 silly placeDep ROOT ms@2.1.3 OK for: debug@4.4.3 want: ^2.1.3
603 silly placeDep ROOT yallist@3.1.1 OK for: lru-cache@5.1.1 want: ^3.0.2
604 silly placeDep ROOT nanoid@3.3.18 OK for: postcss@8.5.26 want: ^3.3.17
605 silly placeDep ROOT source-map-js@1.2.1 OK for: postcss@8.5.26 want: ^1.2.1
606 silly placeDep ROOT scheduler@0.27.0 OK for: react-dom@19.2.8 want: ^0.27.0
607 silly fetch manifest postcss@^8.4.47
608 silly packumentCache full:https://registry.npmjs.org/postcss cache-hit
609 silly placeDep ROOT @alloc/quick-lru@5.2.0 OK for: tailwindcss@3.4.19 want: ^5.2.0
610 silly placeDep ROOT arg@5.0.2 OK for: tailwindcss@3.4.19 want: ^5.0.2
611 silly placeDep ROOT chokidar@3.6.0 OK for: tailwindcss@3.4.19 want: ^3.6.0
612 silly placeDep ROOT didyoumean@1.2.2 OK for: tailwindcss@3.4.19 want: ^1.2.2
613 silly placeDep ROOT dlv@1.1.3 OK for: tailwindcss@3.4.19 want: ^1.1.3
614 silly placeDep ROOT fast-glob@3.3.3 OK for: tailwindcss@3.4.19 want: ^3.3.2
615 silly placeDep ROOT glob-parent@6.0.2 OK for: tailwindcss@3.4.19 want: ^6.0.2
616 silly placeDep ROOT is-glob@4.0.3 OK for: tailwindcss@3.4.19 want: ^4.0.3
617 silly placeDep ROOT jiti@1.21.7 OK for: tailwindcss@3.4.19 want: ^1.21.7
618 silly placeDep ROOT lilconfig@3.1.3 OK for: tailwindcss@3.4.19 want: ^3.1.3
619 silly placeDep ROOT micromatch@4.0.8 OK for: tailwindcss@3.4.19 want: ^4.0.8
620 silly placeDep ROOT normalize-path@3.0.0 OK for: tailwindcss@3.4.19 want: ^3.0.0
621 silly placeDep ROOT object-hash@3.0.0 OK for: tailwindcss@3.4.19 want: ^3.0.0
622 silly placeDep ROOT postcss-import@15.1.0 OK for: tailwindcss@3.4.19 want: ^15.1.0
623 silly placeDep ROOT postcss-js@4.1.0 OK for: tailwindcss@3.4.19 want: ^4.0.1
624 silly placeDep ROOT postcss-load-config@6.0.1 OK for: tailwindcss@3.4.19 want: ^4.0.2 || ^5.0 || ^6.0
625 silly placeDep ROOT postcss-nested@6.2.0 OK for: tailwindcss@3.4.19 want: ^6.2.0
626 silly placeDep ROOT postcss-selector-parser@6.1.4 OK for: tailwindcss@3.4.19 want: ^6.1.2
627 silly placeDep ROOT resolve@1.22.12 OK for: tailwindcss@3.4.19 want: ^1.22.8
628 silly placeDep ROOT sucrase@3.35.1 OK for: tailwindcss@3.4.19 want: ^3.35.0
629 silly fetch manifest braces@~3.0.2
630 silly packumentCache full:https://registry.npmjs.org/braces cache-miss
631 silly fetch manifest is-glob@~4.0.1
632 silly packumentCache full:https://registry.npmjs.org/is-glob cache-miss
633 silly fetch manifest anymatch@~3.1.2
634 silly packumentCache full:https://registry.npmjs.org/anymatch cache-miss
635 silly fetch manifest readdirp@~3.6.0
636 silly packumentCache full:https://registry.npmjs.org/readdirp cache-miss
637 silly fetch manifest glob-parent@~5.1.2
638 silly packumentCache full:https://registry.npmjs.org/glob-parent cache-miss
639 silly fetch manifest is-binary-path@~2.1.0
640 silly packumentCache full:https://registry.npmjs.org/is-binary-path cache-miss
641 silly fetch manifest normalize-path@~3.0.0
642 silly packumentCache full:https://registry.npmjs.org/normalize-path cache-miss
643 silly fetch manifest fsevents@~2.3.2
644 silly packumentCache full:https://registry.npmjs.org/fsevents cache-miss
645 silly fetch manifest @nodelib/fs.stat@^2.0.2
646 silly packumentCache full:https://registry.npmjs.org/@nodelib%2ffs.stat cache-miss
647 silly fetch manifest @nodelib/fs.walk@^1.2.3
648 silly packumentCache full:https://registry.npmjs.org/@nodelib%2ffs.walk cache-miss
649 silly fetch manifest glob-parent@^5.1.2
650 silly packumentCache full:https://registry.npmjs.org/glob-parent cache-miss
651 http cache https://registry.npmjs.org/is-glob 15ms (cache hit)
652 silly packumentCache full:https://registry.npmjs.org/is-glob set size:40530 disposed:false
653 silly fetch manifest merge2@^1.3.0
654 silly packumentCache full:https://registry.npmjs.org/merge2 cache-miss
655 http cache https://registry.npmjs.org/fsevents 17ms (cache hit)
656 silly packumentCache full:https://registry.npmjs.org/fsevents set size:182472 disposed:false
657 silly fetch manifest is-extglob@^2.1.1
658 silly packumentCache full:https://registry.npmjs.org/is-extglob cache-miss
659 http cache https://registry.npmjs.org/normalize-path 22ms (cache hit)
660 silly packumentCache full:https://registry.npmjs.org/normalize-path set size:28713 disposed:false
661 silly fetch manifest braces@^3.0.3
662 silly packumentCache full:https://registry.npmjs.org/braces cache-miss
663 http cache https://registry.npmjs.org/glob-parent 24ms (cache hit)
664 silly packumentCache full:https://registry.npmjs.org/glob-parent set size:42445 disposed:false
665 silly fetch manifest picomatch@^2.3.1
666 silly packumentCache full:https://registry.npmjs.org/picomatch cache-miss
667 http cache https://registry.npmjs.org/glob-parent 25ms (cache hit)
668 silly packumentCache full:https://registry.npmjs.org/glob-parent set size:42445 disposed:false
669 silly packumentCache full:https://registry.npmjs.org/glob-parent dispose
670 silly fetch manifest resolve@^1.1.7
671 silly packumentCache full:https://registry.npmjs.org/resolve cache-miss
672 http cache https://registry.npmjs.org/picomatch 9ms (cache hit)
673 silly packumentCache full:https://registry.npmjs.org/picomatch set size:128942 disposed:false
674 silly fetch manifest read-cache@^1.0.0
675 silly packumentCache full:https://registry.npmjs.org/read-cache cache-miss
676 http cache https://registry.npmjs.org/resolve 12ms (cache hit)
677 silly packumentCache full:https://registry.npmjs.org/resolve set size:244568 disposed:false
678 silly fetch manifest camelcase-css@^2.0.1
679 silly packumentCache full:https://registry.npmjs.org/camelcase-css cache-miss
680 http fetch GET 200 https://registry.npmjs.org/is-binary-path 67ms (cache miss)
681 silly packumentCache full:https://registry.npmjs.org/is-binary-path set size:undefined disposed:false
682 silly fetch manifest postcss-selector-parser@^6.1.1
683 silly packumentCache full:https://registry.npmjs.org/postcss-selector-parser cache-miss
684 http fetch GET 200 https://registry.npmjs.org/anymatch 76ms (cache miss)
685 silly packumentCache full:https://registry.npmjs.org/anymatch set size:undefined disposed:false
686 silly fetch manifest cssesc@^3.0.0
687 silly packumentCache full:https://registry.npmjs.org/cssesc cache-miss
688 http fetch GET 200 https://registry.npmjs.org/is-extglob 65ms (cache miss)
689 silly packumentCache full:https://registry.npmjs.org/is-extglob set size:undefined disposed:false
690 silly fetch manifest util-deprecate@^1.0.2
691 silly packumentCache full:https://registry.npmjs.org/util-deprecate cache-miss
692 http cache https://registry.npmjs.org/postcss-selector-parser 22ms (cache hit)
693 silly packumentCache full:https://registry.npmjs.org/postcss-selector-parser set size:196939 disposed:false
694 silly fetch manifest es-errors@^1.3.0
695 silly packumentCache full:https://registry.npmjs.org/es-errors cache-miss
696 http fetch GET 200 https://registry.npmjs.org/merge2 80ms (cache miss)
697 silly packumentCache full:https://registry.npmjs.org/merge2 set size:undefined disposed:false
698 silly fetch manifest path-parse@^1.0.7
699 silly packumentCache full:https://registry.npmjs.org/path-parse cache-miss
700 http fetch GET 200 https://registry.npmjs.org/braces 77ms (cache miss)
701 silly packumentCache full:https://registry.npmjs.org/braces set size:undefined disposed:false
702 silly fetch manifest is-core-module@^2.16.1
703 silly packumentCache full:https://registry.npmjs.org/is-core-module cache-miss
704 http fetch GET 200 https://registry.npmjs.org/braces 105ms (cache miss)
705 silly packumentCache full:https://registry.npmjs.org/braces set size:undefined disposed:false
706 silly fetch manifest supports-preserve-symlinks-flag@^1.0.0
707 silly packumentCache full:https://registry.npmjs.org/supports-preserve-symlinks-flag cache-miss
708 http fetch GET 200 https://registry.npmjs.org/@nodelib%2ffs.walk 110ms (cache miss)
709 silly packumentCache full:https://registry.npmjs.org/@nodelib%2ffs.walk set size:undefined disposed:false
710 silly fetch manifest commander@^4.0.0
711 silly packumentCache full:https://registry.npmjs.org/commander cache-miss
712 http fetch GET 200 https://registry.npmjs.org/cssesc 48ms (cache miss)
713 silly packumentCache full:https://registry.npmjs.org/cssesc set size:undefined disposed:false
714 silly fetch manifest lines-and-columns@^1.1.6
715 silly packumentCache full:https://registry.npmjs.org/lines-and-columns cache-miss
716 http fetch GET 200 https://registry.npmjs.org/util-deprecate 47ms (cache miss)
717 silly packumentCache full:https://registry.npmjs.org/util-deprecate set size:undefined disposed:false
718 silly fetch manifest mz@^2.7.0
719 silly packumentCache full:https://registry.npmjs.org/mz cache-miss
720 http fetch GET 200 https://registry.npmjs.org/es-errors 48ms (cache miss)
721 silly packumentCache full:https://registry.npmjs.org/es-errors set size:undefined disposed:false
722 silly fetch manifest pirates@^4.0.1
723 silly packumentCache full:https://registry.npmjs.org/pirates cache-miss
724 http fetch GET 200 https://registry.npmjs.org/path-parse 49ms (cache miss)
725 silly packumentCache full:https://registry.npmjs.org/path-parse set size:undefined disposed:false
726 silly fetch manifest tinyglobby@^0.2.11
727 silly packumentCache full:https://registry.npmjs.org/tinyglobby cache-miss
728 http fetch GET 200 https://registry.npmjs.org/supports-preserve-symlinks-flag 47ms (cache miss)
729 silly packumentCache full:https://registry.npmjs.org/supports-preserve-symlinks-flag set size:undefined disposed:false
730 silly fetch manifest ts-interface-checker@^0.1.9
731 silly packumentCache full:https://registry.npmjs.org/ts-interface-checker cache-miss
732 http fetch GET 200 https://registry.npmjs.org/is-core-module 57ms (cache miss)
733 silly packumentCache full:https://registry.npmjs.org/is-core-module set size:undefined disposed:false
734 http cache https://registry.npmjs.org/tinyglobby 15ms (cache hit)
735 silly packumentCache full:https://registry.npmjs.org/tinyglobby set size:54291 disposed:false
736 http fetch GET 200 https://registry.npmjs.org/mz 39ms (cache miss)
737 silly packumentCache full:https://registry.npmjs.org/mz set size:undefined disposed:false
738 http fetch GET 200 https://registry.npmjs.org/lines-and-columns 51ms (cache miss)
739 silly packumentCache full:https://registry.npmjs.org/lines-and-columns set size:undefined disposed:false
740 http fetch GET 200 https://registry.npmjs.org/commander 68ms (cache miss)
741 silly packumentCache full:https://registry.npmjs.org/commander set size:undefined disposed:false
742 http fetch GET 200 https://registry.npmjs.org/@nodelib%2ffs.stat 246ms (cache miss)
743 silly packumentCache full:https://registry.npmjs.org/@nodelib%2ffs.stat set size:undefined disposed:false
744 http fetch GET 200 https://registry.npmjs.org/readdirp 249ms (cache miss)
745 silly packumentCache full:https://registry.npmjs.org/readdirp set size:undefined disposed:false
746 http fetch GET 200 https://registry.npmjs.org/camelcase-css 216ms (cache miss)
747 silly packumentCache full:https://registry.npmjs.org/camelcase-css set size:undefined disposed:false
748 http fetch GET 200 https://registry.npmjs.org/read-cache 222ms (cache miss)
749 silly packumentCache full:https://registry.npmjs.org/read-cache set size:undefined disposed:false
750 http fetch GET 200 https://registry.npmjs.org/pirates 231ms (cache miss)
751 silly packumentCache full:https://registry.npmjs.org/pirates set size:undefined disposed:false
752 http fetch GET 200 https://registry.npmjs.org/ts-interface-checker 227ms (cache miss)
753 silly packumentCache full:https://registry.npmjs.org/ts-interface-checker set size:undefined disposed:false
754 silly placeDep ROOT anymatch@3.1.3 OK for: chokidar@3.6.0 want: ~3.1.2
755 silly placeDep ROOT braces@3.0.3 OK for: chokidar@3.6.0 want: ~3.0.2
756 silly placeDep ROOT fsevents@2.3.3 OK for: chokidar@3.6.0 want: ~2.3.2
757 silly placeDep node_modules/chokidar glob-parent@5.1.2 OK for: chokidar@3.6.0 want: ~5.1.2
758 silly placeDep ROOT is-binary-path@2.1.0 OK for: chokidar@3.6.0 want: ~2.1.0
759 silly placeDep ROOT readdirp@3.6.0 OK for: chokidar@3.6.0 want: ~3.6.0
760 silly fetch manifest picomatch@^2.0.4
761 silly packumentCache full:https://registry.npmjs.org/picomatch cache-hit
762 silly fetch manifest fill-range@^7.1.1
763 silly packumentCache full:https://registry.npmjs.org/fill-range cache-miss
764 silly fetch manifest binary-extensions@^2.0.0
765 silly packumentCache full:https://registry.npmjs.org/binary-extensions cache-miss
766 silly fetch manifest picomatch@^2.2.1
767 silly packumentCache full:https://registry.npmjs.org/picomatch cache-hit
768 http fetch GET 200 https://registry.npmjs.org/binary-extensions 55ms (cache miss)
769 silly packumentCache full:https://registry.npmjs.org/binary-extensions set size:undefined disposed:false
770 http fetch GET 200 https://registry.npmjs.org/fill-range 226ms (cache miss)
771 silly packumentCache full:https://registry.npmjs.org/fill-range set size:undefined disposed:false
772 silly placeDep ROOT picomatch@2.3.2 OK for: anymatch@3.1.3 want: ^2.0.4
773 silly placeDep ROOT fill-range@7.1.1 OK for: braces@3.0.3 want: ^7.1.1
774 silly fetch manifest to-regex-range@^5.0.1
775 silly packumentCache full:https://registry.npmjs.org/to-regex-range cache-miss
776 http fetch GET 200 https://registry.npmjs.org/to-regex-range 56ms (cache miss)
777 silly packumentCache full:https://registry.npmjs.org/to-regex-range set size:undefined disposed:false
778 silly placeDep ROOT @nodelib/fs.stat@2.0.5 OK for: fast-glob@3.3.3 want: ^2.0.2
779 silly placeDep ROOT @nodelib/fs.walk@1.2.8 OK for: fast-glob@3.3.3 want: ^1.2.3
780 silly placeDep node_modules/fast-glob glob-parent@5.1.2 OK for: fast-glob@3.3.3 want: ^5.1.2
781 silly placeDep ROOT merge2@1.4.1 OK for: fast-glob@3.3.3 want: ^1.3.0
782 silly fetch manifest fastq@^1.6.0
783 silly packumentCache full:https://registry.npmjs.org/fastq cache-miss
784 silly fetch manifest @nodelib/fs.scandir@2.1.5
785 silly packumentCache full:https://registry.npmjs.org/@nodelib%2ffs.scandir cache-miss
786 http fetch GET 200 https://registry.npmjs.org/@nodelib%2ffs.scandir 70ms (cache miss)
787 silly packumentCache full:https://registry.npmjs.org/@nodelib%2ffs.scandir set size:undefined disposed:false
788 http fetch GET 200 https://registry.npmjs.org/fastq 72ms (cache miss)
789 silly packumentCache full:https://registry.npmjs.org/fastq set size:undefined disposed:false
790 silly placeDep ROOT @nodelib/fs.scandir@2.1.5 OK for: @nodelib/fs.walk@1.2.8 want: 2.1.5
791 silly placeDep ROOT fastq@1.20.1 OK for: @nodelib/fs.walk@1.2.8 want: ^1.6.0
792 silly fetch manifest run-parallel@^1.1.9
793 silly packumentCache full:https://registry.npmjs.org/run-parallel cache-miss
794 silly fetch manifest reusify@^1.0.4
795 silly packumentCache full:https://registry.npmjs.org/reusify cache-miss
796 http fetch GET 200 https://registry.npmjs.org/reusify 37ms (cache miss)
797 silly packumentCache full:https://registry.npmjs.org/reusify set size:undefined disposed:false
798 http fetch GET 200 https://registry.npmjs.org/run-parallel 46ms (cache miss)
799 silly packumentCache full:https://registry.npmjs.org/run-parallel set size:undefined disposed:false
800 silly placeDep ROOT run-parallel@1.2.0 OK for: @nodelib/fs.scandir@2.1.5 want: ^1.1.9
801 silly fetch manifest queue-microtask@^1.2.2
802 silly packumentCache full:https://registry.npmjs.org/queue-microtask cache-miss
803 http fetch GET 200 https://registry.npmjs.org/queue-microtask 43ms (cache miss)
804 silly packumentCache full:https://registry.npmjs.org/queue-microtask set size:undefined disposed:false
805 silly placeDep ROOT reusify@1.1.0 OK for: fastq@1.20.1 want: ^1.0.4
806 silly placeDep ROOT to-regex-range@5.0.1 OK for: fill-range@7.1.1 want: ^5.0.1
807 silly fetch manifest is-number@^7.0.0
808 silly packumentCache full:https://registry.npmjs.org/is-number cache-miss
809 http fetch GET 200 https://registry.npmjs.org/is-number 255ms (cache miss)
810 silly packumentCache full:https://registry.npmjs.org/is-number set size:undefined disposed:false
811 silly placeDep ROOT binary-extensions@2.3.0 OK for: is-binary-path@2.1.0 want: ^2.0.0
812 silly placeDep ROOT is-extglob@2.1.1 OK for: is-glob@4.0.3 want: ^2.1.1
813 silly placeDep ROOT read-cache@1.0.2 OK for: postcss-import@15.1.0 want: ^1.0.0
814 silly placeDep ROOT camelcase-css@2.0.1 OK for: postcss-js@4.1.0 want: ^2.0.1
815 silly placeDep ROOT cssesc@3.0.0 OK for: postcss-selector-parser@6.1.4 want: ^3.0.0
816 silly placeDep ROOT util-deprecate@1.0.2 OK for: postcss-selector-parser@6.1.4 want: ^1.0.2
817 silly placeDep ROOT es-errors@1.3.0 OK for: resolve@1.22.12 want: ^1.3.0
818 silly placeDep ROOT is-core-module@2.16.2 OK for: resolve@1.22.12 want: ^2.16.1
819 silly placeDep ROOT path-parse@1.0.7 OK for: resolve@1.22.12 want: ^1.0.7
820 silly placeDep ROOT supports-preserve-symlinks-flag@1.0.0 OK for: resolve@1.22.12 want: ^1.0.0
821 silly fetch manifest hasown@^2.0.3
822 silly packumentCache full:https://registry.npmjs.org/hasown cache-miss
823 http fetch GET 200 https://registry.npmjs.org/hasown 62ms (cache miss)
824 silly packumentCache full:https://registry.npmjs.org/hasown set size:undefined disposed:false
825 silly placeDep ROOT hasown@2.0.4 OK for: is-core-module@2.16.2 want: ^2.0.3
826 silly fetch manifest function-bind@^1.1.2
827 silly packumentCache full:https://registry.npmjs.org/function-bind cache-miss
828 http fetch GET 200 https://registry.npmjs.org/function-bind 48ms (cache miss)
829 silly packumentCache full:https://registry.npmjs.org/function-bind set size:undefined disposed:false
830 silly placeDep ROOT function-bind@1.1.2 OK for: hasown@2.0.4 want: ^1.1.2
831 silly placeDep ROOT queue-microtask@1.2.3 OK for: run-parallel@1.2.0 want: ^1.2.2
832 silly placeDep ROOT commander@4.1.1 OK for: sucrase@3.35.1 want: ^4.0.0
833 silly placeDep ROOT lines-and-columns@1.2.4 OK for: sucrase@3.35.1 want: ^1.1.6
834 silly placeDep ROOT mz@2.7.0 OK for: sucrase@3.35.1 want: ^2.7.0
835 silly placeDep ROOT pirates@4.0.7 OK for: sucrase@3.35.1 want: ^4.0.1
836 silly placeDep ROOT tinyglobby@0.2.17 OK for: sucrase@3.35.1 want: ^0.2.11
837 silly placeDep ROOT ts-interface-checker@0.1.13 OK for: sucrase@3.35.1 want: ^0.1.9
838 silly fetch manifest any-promise@^1.0.0
839 silly packumentCache full:https://registry.npmjs.org/any-promise cache-miss
840 silly fetch manifest object-assign@^4.0.1
841 silly packumentCache full:https://registry.npmjs.org/object-assign cache-miss
842 silly fetch manifest thenify-all@^1.0.0
843 silly packumentCache full:https://registry.npmjs.org/thenify-all cache-miss
844 silly fetch manifest fdir@^6.5.0
845 silly packumentCache full:https://registry.npmjs.org/fdir cache-miss
846 silly fetch manifest picomatch@^4.0.4
847 silly packumentCache full:https://registry.npmjs.org/picomatch cache-hit
848 http cache https://registry.npmjs.org/fdir 9ms (cache hit)
849 silly packumentCache full:https://registry.npmjs.org/fdir set size:136182 disposed:false
850 http fetch GET 200 https://registry.npmjs.org/thenify-all 35ms (cache miss)
851 silly packumentCache full:https://registry.npmjs.org/thenify-all set size:undefined disposed:false
852 http fetch GET 200 https://registry.npmjs.org/any-promise 45ms (cache miss)
853 silly packumentCache full:https://registry.npmjs.org/any-promise set size:undefined disposed:false
854 http fetch GET 200 https://registry.npmjs.org/object-assign 51ms (cache miss)
855 silly packumentCache full:https://registry.npmjs.org/object-assign set size:undefined disposed:false
856 silly placeDep ROOT any-promise@1.3.0 OK for: mz@2.7.0 want: ^1.0.0
857 silly placeDep ROOT object-assign@4.1.1 OK for: mz@2.7.0 want: ^4.0.1
858 silly placeDep ROOT thenify-all@1.6.0 OK for: mz@2.7.0 want: ^1.0.0
859 silly fetch manifest thenify@>= 3.1.0 < 4
860 silly packumentCache full:https://registry.npmjs.org/thenify cache-miss
861 http fetch GET 200 https://registry.npmjs.org/thenify 51ms (cache miss)
862 silly packumentCache full:https://registry.npmjs.org/thenify set size:undefined disposed:false
863 silly placeDep ROOT thenify@3.3.1 OK for: thenify-all@1.6.0 want: >= 3.1.0 < 4
864 silly placeDep node_modules/tinyglobby fdir@6.5.0 OK for: tinyglobby@0.2.17 want: ^6.5.0
865 silly placeDep node_modules/tinyglobby picomatch@4.0.5 OK for: fdir@6.5.0 want: ^3 || ^4
866 silly placeDep ROOT is-number@7.0.0 OK for: to-regex-range@5.0.1 want: ^7.0.0
867 silly placeDep ROOT escalade@3.2.0 OK for: update-browserslist-db@1.3.1 want: ^3.2.0
868 silly placeDep ROOT esbuild@0.25.12 OK for: vite@6.4.3 want: ^0.25.0
869 silly placeDep node_modules/vite fdir@6.5.0 OK for: vite@6.4.3 want: ^6.4.4
870 silly placeDep node_modules/vite picomatch@4.0.5 OK for: fdir@6.5.0 want: ^3 || ^4
871 silly placeDep ROOT rollup@4.62.5 OK for: vite@6.4.3 want: ^4.34.9
872 silly fetch manifest @esbuild/aix-ppc64@0.25.12
873 silly packumentCache full:https://registry.npmjs.org/@esbuild%2faix-ppc64 cache-miss
874 silly fetch manifest @esbuild/linux-arm@0.25.12
875 silly packumentCache full:https://registry.npmjs.org/@esbuild%2flinux-arm cache-miss
876 silly fetch manifest @esbuild/linux-x64@0.25.12
877 silly packumentCache full:https://registry.npmjs.org/@esbuild%2flinux-x64 cache-miss
878 silly fetch manifest @esbuild/sunos-x64@0.25.12
879 silly packumentCache full:https://registry.npmjs.org/@esbuild%2fsunos-x64 cache-miss
880 silly fetch manifest @esbuild/win32-x64@0.25.12
881 silly packumentCache full:https://registry.npmjs.org/@esbuild%2fwin32-x64 cache-miss
882 silly fetch manifest @esbuild/darwin-x64@0.25.12
883 silly packumentCache full:https://registry.npmjs.org/@esbuild%2fdarwin-x64 cache-miss
884 silly fetch manifest @esbuild/linux-ia32@0.25.12
885 silly packumentCache full:https://registry.npmjs.org/@esbuild%2flinux-ia32 cache-miss
886 silly fetch manifest @esbuild/netbsd-x64@0.25.12
887 silly packumentCache full:https://registry.npmjs.org/@esbuild%2fnetbsd-x64 cache-miss
888 silly fetch manifest @esbuild/win32-ia32@0.25.12
889 silly packumentCache full:https://registry.npmjs.org/@esbuild%2fwin32-ia32 cache-miss
890 silly fetch manifest @esbuild/android-arm@0.25.12
891 silly packumentCache full:https://registry.npmjs.org/@esbuild%2fandroid-arm cache-miss
892 silly fetch manifest @esbuild/android-x64@0.25.12
893 silly packumentCache full:https://registry.npmjs.org/@esbuild%2fandroid-x64 cache-miss
894 http fetch GET 200 https://registry.npmjs.org/@esbuild%2fwin32-x64 71ms (cache miss)
895 silly packumentCache full:https://registry.npmjs.org/@esbuild%2fwin32-x64 set size:undefined disposed:false
896 silly fetch manifest @esbuild/freebsd-x64@0.25.12
897 silly packumentCache full:https://registry.npmjs.org/@esbuild%2ffreebsd-x64 cache-miss
898 http fetch GET 200 https://registry.npmjs.org/@esbuild%2flinux-x64 75ms (cache miss)
899 silly packumentCache full:https://registry.npmjs.org/@esbuild%2flinux-x64 set size:undefined disposed:false
900 silly fetch manifest @esbuild/linux-arm64@0.25.12
901 silly packumentCache full:https://registry.npmjs.org/@esbuild%2flinux-arm64 cache-miss
902 http fetch GET 200 https://registry.npmjs.org/@esbuild%2fdarwin-x64 96ms (cache miss)
903 silly packumentCache full:https://registry.npmjs.org/@esbuild%2fdarwin-x64 set size:undefined disposed:false
904 silly fetch manifest @esbuild/linux-ppc64@0.25.12
905 silly packumentCache full:https://registry.npmjs.org/@esbuild%2flinux-ppc64 cache-miss
906 http fetch GET 200 https://registry.npmjs.org/@esbuild%2fnetbsd-x64 110ms (cache miss)
907 silly packumentCache full:https://registry.npmjs.org/@esbuild%2fnetbsd-x64 set size:undefined disposed:false
908 silly fetch manifest @esbuild/linux-s390x@0.25.12
909 silly packumentCache full:https://registry.npmjs.org/@esbuild%2flinux-s390x cache-miss
910 http fetch GET 200 https://registry.npmjs.org/@esbuild%2faix-ppc64 115ms (cache miss)
911 silly packumentCache full:https://registry.npmjs.org/@esbuild%2faix-ppc64 set size:undefined disposed:false
912 silly fetch manifest @esbuild/openbsd-x64@0.25.12
913 silly packumentCache full:https://registry.npmjs.org/@esbuild%2fopenbsd-x64 cache-miss
914 http fetch GET 200 https://registry.npmjs.org/@esbuild%2flinux-arm 142ms (cache miss)
915 silly packumentCache full:https://registry.npmjs.org/@esbuild%2flinux-arm set size:undefined disposed:false
916 silly fetch manifest @esbuild/win32-arm64@0.25.12
917 silly packumentCache full:https://registry.npmjs.org/@esbuild%2fwin32-arm64 cache-miss
918 http fetch GET 200 https://registry.npmjs.org/@esbuild%2flinux-ia32 146ms (cache miss)
919 silly packumentCache full:https://registry.npmjs.org/@esbuild%2flinux-ia32 set size:undefined disposed:false
920 silly fetch manifest @esbuild/darwin-arm64@0.25.12
921 silly packumentCache full:https://registry.npmjs.org/@esbuild%2fdarwin-arm64 cache-miss
922 http fetch GET 200 https://registry.npmjs.org/@esbuild%2fsunos-x64 150ms (cache miss)
923 silly packumentCache full:https://registry.npmjs.org/@esbuild%2fsunos-x64 set size:undefined disposed:false
924 silly fetch manifest @esbuild/netbsd-arm64@0.25.12
925 silly packumentCache full:https://registry.npmjs.org/@esbuild%2fnetbsd-arm64 cache-miss
926 http fetch GET 200 https://registry.npmjs.org/@esbuild%2fandroid-x64 154ms (cache miss)
927 silly packumentCache full:https://registry.npmjs.org/@esbuild%2fandroid-x64 set size:undefined disposed:false
928 silly fetch manifest @esbuild/android-arm64@0.25.12
929 silly packumentCache full:https://registry.npmjs.org/@esbuild%2fandroid-arm64 cache-miss
930 http fetch GET 200 https://registry.npmjs.org/@esbuild%2fandroid-arm 177ms (cache miss)
931 silly packumentCache full:https://registry.npmjs.org/@esbuild%2fandroid-arm set size:undefined disposed:false
932 silly fetch manifest @esbuild/freebsd-arm64@0.25.12
933 silly packumentCache full:https://registry.npmjs.org/@esbuild%2ffreebsd-arm64 cache-miss
934 http fetch GET 200 https://registry.npmjs.org/@esbuild%2ffreebsd-x64 121ms (cache miss)
935 silly packumentCache full:https://registry.npmjs.org/@esbuild%2ffreebsd-x64 set size:undefined disposed:false
936 silly fetch manifest @esbuild/linux-loong64@0.25.12
937 silly packumentCache full:https://registry.npmjs.org/@esbuild%2flinux-loong64 cache-miss
938 http fetch GET 200 https://registry.npmjs.org/@esbuild%2flinux-arm64 128ms (cache miss)
939 silly packumentCache full:https://registry.npmjs.org/@esbuild%2flinux-arm64 set size:undefined disposed:false
940 silly fetch manifest @esbuild/linux-riscv64@0.25.12
941 silly packumentCache full:https://registry.npmjs.org/@esbuild%2flinux-riscv64 cache-miss
942 http fetch GET 200 https://registry.npmjs.org/@esbuild%2flinux-s390x 98ms (cache miss)
943 silly packumentCache full:https://registry.npmjs.org/@esbuild%2flinux-s390x set size:undefined disposed:false
944 silly fetch manifest @esbuild/openbsd-arm64@0.25.12
945 silly packumentCache full:https://registry.npmjs.org/@esbuild%2fopenbsd-arm64 cache-miss
946 http fetch GET 200 https://registry.npmjs.org/@esbuild%2flinux-ppc64 119ms (cache miss)
947 silly packumentCache full:https://registry.npmjs.org/@esbuild%2flinux-ppc64 set size:undefined disposed:false
948 silly fetch manifest @esbuild/linux-mips64el@0.25.12
949 silly packumentCache full:https://registry.npmjs.org/@esbuild%2flinux-mips64el cache-miss
950 http fetch GET 200 https://registry.npmjs.org/@esbuild%2fopenbsd-x64 107ms (cache miss)
951 silly packumentCache full:https://registry.npmjs.org/@esbuild%2fopenbsd-x64 set size:undefined disposed:false
952 silly fetch manifest @esbuild/openharmony-arm64@0.25.12
953 silly packumentCache full:https://registry.npmjs.org/@esbuild%2fopenharmony-arm64 cache-miss
954 http fetch GET 200 https://registry.npmjs.org/@esbuild%2fnetbsd-arm64 76ms (cache miss)
955 silly packumentCache full:https://registry.npmjs.org/@esbuild%2fnetbsd-arm64 set size:undefined disposed:false
956 silly fetch manifest @types/estree@1.0.9
957 silly packumentCache full:https://registry.npmjs.org/@types%2festree cache-miss
958 http fetch GET 200 https://registry.npmjs.org/@esbuild%2fwin32-arm64 89ms (cache miss)
959 silly packumentCache full:https://registry.npmjs.org/@esbuild%2fwin32-arm64 set size:undefined disposed:false
960 silly fetch manifest @rollup/rollup-darwin-x64@4.62.5
961 silly packumentCache full:https://registry.npmjs.org/@rollup%2frollup-darwin-x64 cache-miss
962 http fetch GET 200 https://registry.npmjs.org/@esbuild%2ffreebsd-arm64 74ms (cache miss)
963 silly packumentCache full:https://registry.npmjs.org/@esbuild%2ffreebsd-arm64 set size:undefined disposed:false
964 silly fetch manifest @rollup/rollup-freebsd-x64@4.62.5
965 silly packumentCache full:https://registry.npmjs.org/@rollup%2frollup-freebsd-x64 cache-miss
966 http fetch GET 200 https://registry.npmjs.org/@esbuild%2flinux-loong64 74ms (cache miss)
967 silly packumentCache full:https://registry.npmjs.org/@esbuild%2flinux-loong64 set size:undefined disposed:false
968 silly fetch manifest @rollup/rollup-openbsd-x64@4.62.5
969 silly packumentCache full:https://registry.npmjs.org/@rollup%2frollup-openbsd-x64 cache-miss
970 http fetch GET 200 https://registry.npmjs.org/@esbuild%2flinux-riscv64 71ms (cache miss)
971 silly packumentCache full:https://registry.npmjs.org/@esbuild%2flinux-riscv64 set size:undefined disposed:false
972 silly fetch manifest @napi-rs/lzma-linux-x64-gnu@1.5.1
973 silly packumentCache full:https://registry.npmjs.org/@napi-rs%2flzma-linux-x64-gnu cache-miss
974 http fetch GET 200 https://registry.npmjs.org/@esbuild%2fdarwin-arm64 145ms (cache miss)
975 silly packumentCache full:https://registry.npmjs.org/@esbuild%2fdarwin-arm64 set size:undefined disposed:false
976 silly fetch manifest @rollup/rollup-darwin-arm64@4.62.5
977 silly packumentCache full:https://registry.npmjs.org/@rollup%2frollup-darwin-arm64 cache-miss
978 http fetch GET 200 https://registry.npmjs.org/@types%2festree 73ms (cache miss)
979 silly packumentCache full:https://registry.npmjs.org/@types%2festree set size:undefined disposed:false
980 silly fetch manifest @rollup/rollup-android-arm64@4.62.5
981 silly packumentCache full:https://registry.npmjs.org/@rollup%2frollup-android-arm64 cache-miss
982 http fetch GET 200 https://registry.npmjs.org/@esbuild%2flinux-mips64el 95ms (cache miss)
983 silly packumentCache full:https://registry.npmjs.org/@esbuild%2flinux-mips64el set size:undefined disposed:false
984 silly fetch manifest @rollup/rollup-freebsd-arm64@4.62.5
985 silly packumentCache full:https://registry.npmjs.org/@rollup%2frollup-freebsd-arm64 cache-miss
986 http fetch GET 200 https://registry.npmjs.org/@esbuild%2fopenharmony-arm64 94ms (cache miss)
987 silly packumentCache full:https://registry.npmjs.org/@esbuild%2fopenharmony-arm64 set size:undefined disposed:false
988 silly fetch manifest @rollup/rollup-linux-x64-gnu@4.62.5
989 silly packumentCache full:https://registry.npmjs.org/@rollup%2frollup-linux-x64-gnu cache-miss
990 http fetch GET 200 https://registry.npmjs.org/@esbuild%2fandroid-arm64 166ms (cache miss)
991 silly packumentCache full:https://registry.npmjs.org/@esbuild%2fandroid-arm64 set size:undefined disposed:false
992 silly fetch manifest @rollup/rollup-win32-x64-gnu@4.62.5
993 silly packumentCache full:https://registry.npmjs.org/@rollup%2frollup-win32-x64-gnu cache-miss
994 http fetch GET 200 https://registry.npmjs.org/@esbuild%2fopenbsd-arm64 115ms (cache miss)
995 silly packumentCache full:https://registry.npmjs.org/@esbuild%2fopenbsd-arm64 set size:undefined disposed:false
996 silly fetch manifest @rollup/rollup-linux-x64-musl@4.62.5
997 silly packumentCache full:https://registry.npmjs.org/@rollup%2frollup-linux-x64-musl cache-miss
998 http fetch GET 200 https://registry.npmjs.org/@rollup%2frollup-darwin-x64 125ms (cache miss)
999 silly packumentCache full:https://registry.npmjs.org/@rollup%2frollup-darwin-x64 set size:undefined disposed:false
1000 silly fetch manifest @rollup/rollup-win32-x64-msvc@4.62.5
1001 silly packumentCache full:https://registry.npmjs.org/@rollup%2frollup-win32-x64-msvc cache-miss
1002 http fetch GET 200 https://registry.npmjs.org/@rollup%2frollup-openbsd-x64 91ms (cache miss)
1003 silly packumentCache full:https://registry.npmjs.org/@rollup%2frollup-openbsd-x64 set size:undefined disposed:false
1004 silly fetch manifest @rollup/rollup-linux-arm64-gnu@4.62.5
1005 silly packumentCache full:https://registry.npmjs.org/@rollup%2frollup-linux-arm64-gnu cache-miss
1006 http fetch GET 200 https://registry.npmjs.org/@rollup%2frollup-freebsd-x64 114ms (cache miss)
1007 silly packumentCache full:https://registry.npmjs.org/@rollup%2frollup-freebsd-x64 set size:undefined disposed:false
1008 silly fetch manifest @rollup/rollup-linux-ppc64-gnu@4.62.5
1009 silly packumentCache full:https://registry.npmjs.org/@rollup%2frollup-linux-ppc64-gnu cache-miss
1010 http fetch GET 200 https://registry.npmjs.org/@rollup%2frollup-darwin-arm64 99ms (cache miss)
1011 silly packumentCache full:https://registry.npmjs.org/@rollup%2frollup-darwin-arm64 set size:undefined disposed:false
1012 silly fetch manifest @rollup/rollup-linux-s390x-gnu@4.62.5
1013 silly packumentCache full:https://registry.npmjs.org/@rollup%2frollup-linux-s390x-gnu cache-miss
1014 http fetch GET 200 https://registry.npmjs.org/@rollup%2frollup-win32-x64-gnu 79ms (cache miss)
1015 silly packumentCache full:https://registry.npmjs.org/@rollup%2frollup-win32-x64-gnu set size:undefined disposed:false
1016 silly fetch manifest @rollup/rollup-win32-ia32-msvc@4.62.5
1017 silly packumentCache full:https://registry.npmjs.org/@rollup%2frollup-win32-ia32-msvc cache-miss
1018 http fetch GET 200 https://registry.npmjs.org/@napi-rs%2flzma-linux-x64-gnu 131ms (cache miss)
1019 silly packumentCache full:https://registry.npmjs.org/@napi-rs%2flzma-linux-x64-gnu set size:undefined disposed:false
1020 silly fetch manifest @rollup/rollup-android-arm-eabi@4.62.5
1021 silly packumentCache full:https://registry.npmjs.org/@rollup%2frollup-android-arm-eabi cache-miss
1022 http fetch GET 200 https://registry.npmjs.org/@rollup%2frollup-android-arm64 119ms (cache miss)
1023 silly packumentCache full:https://registry.npmjs.org/@rollup%2frollup-android-arm64 set size:undefined disposed:false
1024 silly fetch manifest @rollup/rollup-linux-arm64-musl@4.62.5
1025 silly packumentCache full:https://registry.npmjs.org/@rollup%2frollup-linux-arm64-musl cache-miss
1026 http fetch GET 200 https://registry.npmjs.org/@rollup%2frollup-linux-ppc64-gnu 52ms (cache miss)
1027 silly packumentCache full:https://registry.npmjs.org/@rollup%2frollup-linux-ppc64-gnu set size:undefined disposed:false
1028 silly fetch manifest @rollup/rollup-linux-ppc64-musl@4.62.5
1029 silly packumentCache full:https://registry.npmjs.org/@rollup%2frollup-linux-ppc64-musl cache-miss
1030 http fetch GET 200 https://registry.npmjs.org/@esbuild%2fwin32-ia32 454ms (cache miss)
1031 silly packumentCache full:https://registry.npmjs.org/@esbuild%2fwin32-ia32 set size:undefined disposed:false
1032 silly fetch manifest @rollup/rollup-win32-arm64-msvc@4.62.5
1033 silly packumentCache full:https://registry.npmjs.org/@rollup%2frollup-win32-arm64-msvc cache-miss
1034 http fetch GET 200 https://registry.npmjs.org/@rollup%2frollup-linux-x64-musl 160ms (cache miss)
1035 silly packumentCache full:https://registry.npmjs.org/@rollup%2frollup-linux-x64-musl set size:undefined disposed:false
1036 silly fetch manifest @rollup/rollup-linux-loong64-gnu@4.62.5
1037 silly packumentCache full:https://registry.npmjs.org/@rollup%2frollup-linux-loong64-gnu cache-miss
1038 http fetch GET 200 https://registry.npmjs.org/@rollup%2frollup-linux-ppc64-musl 66ms (cache miss)
1039 silly packumentCache full:https://registry.npmjs.org/@rollup%2frollup-linux-ppc64-musl set size:undefined disposed:false
1040 silly fetch manifest @rollup/rollup-linux-riscv64-gnu@4.62.5
1041 silly packumentCache full:https://registry.npmjs.org/@rollup%2frollup-linux-riscv64-gnu cache-miss
1042 http fetch GET 200 https://registry.npmjs.org/@rollup%2frollup-linux-arm64-musl 110ms (cache miss)
1043 silly packumentCache full:https://registry.npmjs.org/@rollup%2frollup-linux-arm64-musl set size:undefined disposed:false
1044 silly fetch manifest @rollup/rollup-openharmony-arm64@4.62.5
1045 silly packumentCache full:https://registry.npmjs.org/@rollup%2frollup-openharmony-arm64 cache-miss
1046 http fetch GET 200 https://registry.npmjs.org/@rollup%2frollup-linux-riscv64-gnu 64ms (cache miss)
1047 silly packumentCache full:https://registry.npmjs.org/@rollup%2frollup-linux-riscv64-gnu set size:undefined disposed:false
1048 silly fetch manifest @rollup/rollup-linux-loong64-musl@4.62.5
1049 silly packumentCache full:https://registry.npmjs.org/@rollup%2frollup-linux-loong64-musl cache-miss
1050 http fetch GET 200 https://registry.npmjs.org/@rollup%2frollup-freebsd-arm64 255ms (cache miss)
1051 silly packumentCache full:https://registry.npmjs.org/@rollup%2frollup-freebsd-arm64 set size:undefined disposed:false
1052 silly fetch manifest @rollup/rollup-linux-riscv64-musl@4.62.5
1053 silly packumentCache full:https://registry.npmjs.org/@rollup%2frollup-linux-riscv64-musl cache-miss
1054 http fetch GET 200 https://registry.npmjs.org/@rollup%2frollup-linux-x64-gnu 263ms (cache miss)
1055 silly packumentCache full:https://registry.npmjs.org/@rollup%2frollup-linux-x64-gnu set size:undefined disposed:false
1056 silly fetch manifest @rollup/rollup-linux-arm-gnueabihf@4.62.5
1057 silly packumentCache full:https://registry.npmjs.org/@rollup%2frollup-linux-arm-gnueabihf cache-miss
1058 http fetch GET 200 https://registry.npmjs.org/@rollup%2frollup-openharmony-arm64 58ms (cache miss)
1059 silly packumentCache full:https://registry.npmjs.org/@rollup%2frollup-openharmony-arm64 set size:undefined disposed:false
1060 silly fetch manifest @rollup/rollup-linux-arm-musleabihf@4.62.5
1061 silly packumentCache full:https://registry.npmjs.org/@rollup%2frollup-linux-arm-musleabihf cache-miss
1062 http fetch GET 200 https://registry.npmjs.org/@rollup%2frollup-linux-arm64-gnu 251ms (cache miss)
1063 silly packumentCache full:https://registry.npmjs.org/@rollup%2frollup-linux-arm64-gnu set size:undefined disposed:false
1064 http fetch GET 200 https://registry.npmjs.org/@rollup%2frollup-linux-loong64-musl 54ms (cache miss)
1065 silly packumentCache full:https://registry.npmjs.org/@rollup%2frollup-linux-loong64-musl set size:undefined disposed:false
1066 http fetch GET 200 https://registry.npmjs.org/@rollup%2frollup-win32-x64-msvc 266ms (cache miss)
1067 silly packumentCache full:https://registry.npmjs.org/@rollup%2frollup-win32-x64-msvc set size:undefined disposed:false
1068 http fetch GET 200 https://registry.npmjs.org/@rollup%2frollup-linux-s390x-gnu 234ms (cache miss)
1069 silly packumentCache full:https://registry.npmjs.org/@rollup%2frollup-linux-s390x-gnu set size:undefined disposed:false
1070 http fetch GET 200 https://registry.npmjs.org/@rollup%2frollup-linux-riscv64-musl 228ms (cache miss)
1071 silly packumentCache full:https://registry.npmjs.org/@rollup%2frollup-linux-riscv64-musl set size:undefined disposed:false
1072 http fetch GET 200 https://registry.npmjs.org/@rollup%2frollup-win32-ia32-msvc 416ms (cache miss)
1073 silly packumentCache full:https://registry.npmjs.org/@rollup%2frollup-win32-ia32-msvc set size:undefined disposed:false
1074 http fetch GET 200 https://registry.npmjs.org/@rollup%2frollup-android-arm-eabi 416ms (cache miss)
1075 silly packumentCache full:https://registry.npmjs.org/@rollup%2frollup-android-arm-eabi set size:undefined disposed:false
1076 http fetch GET 200 https://registry.npmjs.org/@rollup%2frollup-linux-arm-gnueabihf 252ms (cache miss)
1077 silly packumentCache full:https://registry.npmjs.org/@rollup%2frollup-linux-arm-gnueabihf set size:undefined disposed:false
1078 http fetch GET 200 https://registry.npmjs.org/@rollup%2frollup-linux-arm-musleabihf 256ms (cache miss)
1079 silly packumentCache full:https://registry.npmjs.org/@rollup%2frollup-linux-arm-musleabihf set size:undefined disposed:false
1080 http fetch GET 200 https://registry.npmjs.org/@rollup%2frollup-win32-arm64-msvc 421ms (cache miss)
1081 silly packumentCache full:https://registry.npmjs.org/@rollup%2frollup-win32-arm64-msvc set size:undefined disposed:false
1082 http fetch GET 200 https://registry.npmjs.org/@rollup%2frollup-linux-loong64-gnu 432ms (cache miss)
1083 silly packumentCache full:https://registry.npmjs.org/@rollup%2frollup-linux-loong64-gnu set size:undefined disposed:false
1084 silly placeDep ROOT @esbuild/aix-ppc64@0.25.12 OK for: esbuild@0.25.12 want: 0.25.12
1085 silly placeDep ROOT @esbuild/android-arm@0.25.12 OK for: esbuild@0.25.12 want: 0.25.12
1086 silly placeDep ROOT @esbuild/android-arm64@0.25.12 OK for: esbuild@0.25.12 want: 0.25.12
1087 silly placeDep ROOT @esbuild/android-x64@0.25.12 OK for: esbuild@0.25.12 want: 0.25.12
1088 silly placeDep ROOT @esbuild/darwin-arm64@0.25.12 OK for: esbuild@0.25.12 want: 0.25.12
1089 silly placeDep ROOT @esbuild/darwin-x64@0.25.12 OK for: esbuild@0.25.12 want: 0.25.12
1090 silly placeDep ROOT @esbuild/freebsd-arm64@0.25.12 OK for: esbuild@0.25.12 want: 0.25.12
1091 silly placeDep ROOT @esbuild/freebsd-x64@0.25.12 OK for: esbuild@0.25.12 want: 0.25.12
1092 silly placeDep ROOT @esbuild/linux-arm@0.25.12 OK for: esbuild@0.25.12 want: 0.25.12
1093 silly placeDep ROOT @esbuild/linux-arm64@0.25.12 OK for: esbuild@0.25.12 want: 0.25.12
1094 silly placeDep ROOT @esbuild/linux-ia32@0.25.12 OK for: esbuild@0.25.12 want: 0.25.12
1095 silly placeDep ROOT @esbuild/linux-loong64@0.25.12 OK for: esbuild@0.25.12 want: 0.25.12
1096 silly placeDep ROOT @esbuild/linux-mips64el@0.25.12 OK for: esbuild@0.25.12 want: 0.25.12
1097 silly placeDep ROOT @esbuild/linux-ppc64@0.25.12 OK for: esbuild@0.25.12 want: 0.25.12
1098 silly placeDep ROOT @esbuild/linux-riscv64@0.25.12 OK for: esbuild@0.25.12 want: 0.25.12
1099 silly placeDep ROOT @esbuild/linux-s390x@0.25.12 OK for: esbuild@0.25.12 want: 0.25.12
1100 silly placeDep ROOT @esbuild/linux-x64@0.25.12 OK for: esbuild@0.25.12 want: 0.25.12
1101 silly placeDep ROOT @esbuild/netbsd-arm64@0.25.12 OK for: esbuild@0.25.12 want: 0.25.12
1102 silly placeDep ROOT @esbuild/netbsd-x64@0.25.12 OK for: esbuild@0.25.12 want: 0.25.12
1103 silly placeDep ROOT @esbuild/openbsd-arm64@0.25.12 OK for: esbuild@0.25.12 want: 0.25.12
1104 silly placeDep ROOT @esbuild/openbsd-x64@0.25.12 OK for: esbuild@0.25.12 want: 0.25.12
1105 silly placeDep ROOT @esbuild/openharmony-arm64@0.25.12 OK for: esbuild@0.25.12 want: 0.25.12
1106 silly placeDep ROOT @esbuild/sunos-x64@0.25.12 OK for: esbuild@0.25.12 want: 0.25.12
1107 silly placeDep ROOT @esbuild/win32-arm64@0.25.12 OK for: esbuild@0.25.12 want: 0.25.12
1108 silly placeDep ROOT @esbuild/win32-ia32@0.25.12 OK for: esbuild@0.25.12 want: 0.25.12
1109 silly placeDep ROOT @esbuild/win32-x64@0.25.12 OK for: esbuild@0.25.12 want: 0.25.12
1110 silly placeDep ROOT @napi-rs/lzma-linux-x64-gnu@1.5.1 OK for: rollup@4.62.5 want: 1.5.1
1111 silly placeDep ROOT @rollup/rollup-android-arm-eabi@4.62.5 OK for: rollup@4.62.5 want: 4.62.5
1112 silly placeDep ROOT @rollup/rollup-android-arm64@4.62.5 OK for: rollup@4.62.5 want: 4.62.5
1113 silly placeDep ROOT @rollup/rollup-darwin-arm64@4.62.5 OK for: rollup@4.62.5 want: 4.62.5
1114 silly placeDep ROOT @rollup/rollup-darwin-x64@4.62.5 OK for: rollup@4.62.5 want: 4.62.5
1115 silly placeDep ROOT @rollup/rollup-freebsd-arm64@4.62.5 OK for: rollup@4.62.5 want: 4.62.5
1116 silly placeDep ROOT @rollup/rollup-freebsd-x64@4.62.5 OK for: rollup@4.62.5 want: 4.62.5
1117 silly placeDep ROOT @rollup/rollup-linux-arm-gnueabihf@4.62.5 OK for: rollup@4.62.5 want: 4.62.5
1118 silly placeDep ROOT @rollup/rollup-linux-arm-musleabihf@4.62.5 OK for: rollup@4.62.5 want: 4.62.5
1119 silly placeDep ROOT @rollup/rollup-linux-arm64-gnu@4.62.5 OK for: rollup@4.62.5 want: 4.62.5
1120 silly placeDep ROOT @rollup/rollup-linux-arm64-musl@4.62.5 OK for: rollup@4.62.5 want: 4.62.5
1121 silly placeDep ROOT @rollup/rollup-linux-loong64-gnu@4.62.5 OK for: rollup@4.62.5 want: 4.62.5
1122 silly placeDep ROOT @rollup/rollup-linux-loong64-musl@4.62.5 OK for: rollup@4.62.5 want: 4.62.5
1123 silly placeDep ROOT @rollup/rollup-linux-ppc64-gnu@4.62.5 OK for: rollup@4.62.5 want: 4.62.5
1124 silly placeDep ROOT @rollup/rollup-linux-ppc64-musl@4.62.5 OK for: rollup@4.62.5 want: 4.62.5
1125 silly placeDep ROOT @rollup/rollup-linux-riscv64-gnu@4.62.5 OK for: rollup@4.62.5 want: 4.62.5
1126 silly placeDep ROOT @rollup/rollup-linux-riscv64-musl@4.62.5 OK for: rollup@4.62.5 want: 4.62.5
1127 silly placeDep ROOT @rollup/rollup-linux-s390x-gnu@4.62.5 OK for: rollup@4.62.5 want: 4.62.5
1128 silly placeDep ROOT @rollup/rollup-linux-x64-gnu@4.62.5 OK for: rollup@4.62.5 want: 4.62.5
1129 silly placeDep ROOT @rollup/rollup-linux-x64-musl@4.62.5 OK for: rollup@4.62.5 want: 4.62.5
1130 silly placeDep ROOT @rollup/rollup-openbsd-x64@4.62.5 OK for: rollup@4.62.5 want: 4.62.5
1131 silly placeDep ROOT @rollup/rollup-openharmony-arm64@4.62.5 OK for: rollup@4.62.5 want: 4.62.5
1132 silly placeDep ROOT @rollup/rollup-win32-arm64-msvc@4.62.5 OK for: rollup@4.62.5 want: 4.62.5
1133 silly placeDep ROOT @rollup/rollup-win32-ia32-msvc@4.62.5 OK for: rollup@4.62.5 want: 4.62.5
1134 silly placeDep ROOT @rollup/rollup-win32-x64-gnu@4.62.5 OK for: rollup@4.62.5 want: 4.62.5
1135 silly placeDep ROOT @rollup/rollup-win32-x64-msvc@4.62.5 OK for: rollup@4.62.5 want: 4.62.5
1136 silly placeDep ROOT @types/estree@1.0.9 OK for: rollup@4.62.5 want: 1.0.9
1137 silly reify moves {}
1138 silly audit bulk request {
1138 silly audit   '@supabase/supabase-js': [ '2.112.3' ],
1138 silly audit   '@types/react': [ '19.2.18' ],
1138 silly audit   '@types/react-dom': [ '19.2.4' ],
1138 silly audit   '@vitejs/plugin-react': [ '4.7.0' ],
1138 silly audit   vite: [ '6.4.3' ],
1138 silly audit   autoprefixer: [ '10.5.4' ],
1138 silly audit   postcss: [ '8.5.26' ],
1138 silly audit   react: [ '19.2.8' ],
1138 silly audit   'react-dom': [ '19.2.8' ],
1138 silly audit   tailwindcss: [ '3.4.19' ],
1138 silly audit   typescript: [ '5.7.3' ],
1138 silly audit   '@supabase/auth-js': [ '2.112.3' ],
1138 silly audit   '@supabase/functions-js': [ '2.112.3' ],
1138 silly audit   '@supabase/postgrest-js': [ '2.112.3' ],
1138 silly audit   '@supabase/realtime-js': [ '2.112.3' ],
1138 silly audit   '@supabase/storage-js': [ '2.112.3' ],
1138 silly audit   tslib: [ '2.8.1' ],
1138 silly audit   '@supabase/phoenix': [ '0.4.5' ],
1138 silly audit   'iceberg-js': [ '0.8.1' ],
1138 silly audit   csstype: [ '3.2.3' ],
1138 silly audit   '@babel/core': [ '7.29.7' ],
1138 silly audit   '@babel/plugin-transform-react-jsx-self': [ '7.29.7' ],
1138 silly audit   '@babel/plugin-transform-react-jsx-source': [ '7.29.7' ],
1138 silly audit   '@rolldown/pluginutils': [ '1.0.0-beta.27' ],
1138 silly audit   '@types/babel__core': [ '7.20.5' ],
1138 silly audit   'react-refresh': [ '0.17.0' ],
1138 silly audit   '@babel/code-frame': [ '7.29.7' ],
1138 silly audit   '@babel/generator': [ '7.29.8' ],
1138 silly audit   '@babel/helper-compilation-targets': [ '7.29.7' ],
1138 silly audit   '@babel/helper-module-transforms': [ '7.29.7' ],
1138 silly audit   '@babel/helpers': [ '7.29.7' ],
1138 silly audit   '@babel/parser': [ '7.29.8' ],
1138 silly audit   '@babel/template': [ '7.29.7' ],
1138 silly audit   '@babel/traverse': [ '7.29.8' ],
1138 silly audit   '@babel/types': [ '7.29.8' ],
1138 silly audit   '@jridgewell/remapping': [ '2.3.5' ],
1138 silly audit   'convert-source-map': [ '2.0.0' ],
1138 silly audit   debug: [ '4.4.3' ],
1138 silly audit   gensync: [ '1.0.0-beta.2' ],
1138 silly audit   json5: [ '2.2.3' ],
1138 silly audit   semver: [ '6.3.1' ],
1138 silly audit   '@babel/helper-validator-identifier': [ '7.29.7' ],
1138 silly audit   'js-tokens': [ '4.0.0' ],
1138 silly audit   picocolors: [ '1.1.1' ],
1138 silly audit   '@jridgewell/gen-mapping': [ '0.3.13' ],
1138 silly audit   '@jridgewell/trace-mapping': [ '0.3.31' ],
1138 silly audit   jsesc: [ '3.1.0' ],
1138 silly audit   '@babel/compat-data': [ '7.29.7' ],
1138 silly audit   '@babel/helper-validator-option': [ '7.29.7' ],
1138 silly audit   browserslist: [ '4.28.8' ],
1138 silly audit   'lru-cache': [ '5.1.1' ],
1138 silly audit   '@babel/helper-module-imports': [ '7.29.7' ],
1138 silly audit   '@babel/helper-plugin-utils': [ '7.29.7' ],
1138 silly audit   '@babel/helper-globals': [ '7.29.7' ],
1138 silly audit   '@babel/helper-string-parser': [ '7.29.7' ],
1138 silly audit   '@jridgewell/sourcemap-codec': [ '1.5.5' ],
1138 silly audit   '@jridgewell/resolve-uri': [ '3.1.2' ],
1138 silly audit   '@types/babel__generator': [ '7.27.0' ],
1138 silly audit   '@types/babel__template': [ '7.4.4' ],
1138 silly audit   '@types/babel__traverse': [ '7.28.0' ],
1138 silly audit   'caniuse-lite': [ '1.0.30001809' ],
1138 silly audit   'fraction.js': [ '5.3.4' ],
1138 silly audit   'postcss-value-parser': [ '4.2.0' ],
1138 silly audit   'baseline-browser-mapping': [ '2.11.17' ],
1138 silly audit   'electron-to-chromium': [ '1.5.412' ],
1138 silly audit   'node-releases': [ '2.0.53' ],
1138 silly audit   'update-browserslist-db': [ '1.3.1' ],
1138 silly audit   ms: [ '2.1.3' ],
1138 silly audit   yallist: [ '3.1.1' ],
1138 silly audit   nanoid: [ '3.3.18' ],
1138 silly audit   'source-map-js': [ '1.2.1' ],
1138 silly audit   scheduler: [ '0.27.0' ],
1138 silly audit   '@alloc/quick-lru': [ '5.2.0' ],
1138 silly audit   arg: [ '5.0.2' ],
1138 silly audit   chokidar: [ '3.6.0' ],
1138 silly audit   didyoumean: [ '1.2.2' ],
1138 silly audit   dlv: [ '1.1.3' ],
1138 silly audit   'fast-glob': [ '3.3.3' ],
1138 silly audit   'glob-parent': [ '6.0.2', '5.1.2' ],
1138 silly audit   'is-glob': [ '4.0.3' ],
1138 silly audit   jiti: [ '1.21.7' ],
1138 silly audit   lilconfig: [ '3.1.3' ],
1138 silly audit   micromatch: [ '4.0.8' ],
1138 silly audit   'normalize-path': [ '3.0.0' ],
1138 silly audit   'object-hash': [ '3.0.0' ],
1138 silly audit   'postcss-import': [ '15.1.0' ],
1138 silly audit   'postcss-js': [ '4.1.0' ],
1138 silly audit   'postcss-load-config': [ '6.0.1' ],
1138 silly audit   'postcss-nested': [ '6.2.0' ],
1138 silly audit   'postcss-selector-parser': [ '6.1.4' ],
1138 silly audit   resolve: [ '1.22.12' ],
1138 silly audit   sucrase: [ '3.35.1' ],
1138 silly audit   anymatch: [ '3.1.3' ],
1138 silly audit   braces: [ '3.0.3' ],
1138 silly audit   fsevents: [ '2.3.3' ],
1138 silly audit   'is-binary-path': [ '2.1.0' ],
1138 silly audit   readdirp: [ '3.6.0' ],
1138 silly audit   picomatch: [ '2.3.2', '4.0.5' ],
1138 silly audit   'fill-range': [ '7.1.1' ],
1138 silly audit   '@nodelib/fs.stat': [ '2.0.5' ],
1138 silly audit   '@nodelib/fs.walk': [ '1.2.8' ],
1138 silly audit   merge2: [ '1.4.1' ],
1138 silly audit   '@nodelib/fs.scandir': [ '2.1.5' ],
1138 silly audit   fastq: [ '1.20.1' ],
1138 silly audit   'run-parallel': [ '1.2.0' ],
1138 silly audit   reusify: [ '1.1.0' ],
1138 silly audit   'to-regex-range': [ '5.0.1' ],
1138 silly audit   'binary-extensions': [ '2.3.0' ],
1138 silly audit   'is-extglob': [ '2.1.1' ],
1138 silly audit   'read-cache': [ '1.0.2' ],
1138 silly audit   'camelcase-css': [ '2.0.1' ],
1138 silly audit   cssesc: [ '3.0.0' ],
1138 silly audit   'util-deprecate': [ '1.0.2' ],
1138 silly audit   'es-errors': [ '1.3.0' ],
1138 silly audit   'is-core-module': [ '2.16.2' ],
1138 silly audit   'path-parse': [ '1.0.7' ],
1138 silly audit   'supports-preserve-symlinks-flag': [ '1.0.0' ],
1138 silly audit   hasown: [ '2.0.4' ],
1138 silly audit   'function-bind': [ '1.1.2' ],
1138 silly audit   'queue-microtask': [ '1.2.3' ],
1138 silly audit   commander: [ '4.1.1' ],
1138 silly audit   'lines-and-columns': [ '1.2.4' ],
1138 silly audit   mz: [ '2.7.0' ],
1138 silly audit   pirates: [ '4.0.7' ],
1138 silly audit   tinyglobby: [ '0.2.17' ],
1138 silly audit   'ts-interface-checker': [ '0.1.13' ],
1138 silly audit   'any-promise': [ '1.3.0' ],
1138 silly audit   'object-assign': [ '4.1.1' ],
1138 silly audit   'thenify-all': [ '1.6.0' ],
1138 silly audit   thenify: [ '3.3.1' ],
1138 silly audit   fdir: [ '6.5.0' ],
1138 silly audit   'is-number': [ '7.0.0' ],
1138 silly audit   escalade: [ '3.2.0' ],
1138 silly audit   esbuild: [ '0.25.12' ],
1138 silly audit   rollup: [ '4.62.5' ],
1138 silly audit   '@esbuild/aix-ppc64': [ '0.25.12' ],
1138 silly audit   '@esbuild/android-arm': [ '0.25.12' ],
1138 silly audit   '@esbuild/android-arm64': [ '0.25.12' ],
1138 silly audit   '@esbuild/android-x64': [ '0.25.12' ],
1138 silly audit   '@esbuild/darwin-arm64': [ '0.25.12' ],
1138 silly audit   '@esbuild/darwin-x64': [ '0.25.12' ],
1138 silly audit   '@esbuild/freebsd-arm64': [ '0.25.12' ],
1138 silly audit   '@esbuild/freebsd-x64': [ '0.25.12' ],
1138 silly audit   '@esbuild/linux-arm': [ '0.25.12' ],
1138 silly audit   '@esbuild/linux-arm64': [ '0.25.12' ],
1138 silly audit   '@esbuild/linux-ia32': [ '0.25.12' ],
1138 silly audit   '@esbuild/linux-loong64': [ '0.25.12' ],
1138 silly audit   '@esbuild/linux-mips64el': [ '0.25.12' ],
1138 silly audit   '@esbuild/linux-ppc64': [ '0.25.12' ],
1138 silly audit   '@esbuild/linux-riscv64': [ '0.25.12' ],
1138 silly audit   '@esbuild/linux-s390x': [ '0.25.12' ],
1138 silly audit   '@esbuild/linux-x64': [ '0.25.12' ],
1138 silly audit   '@esbuild/netbsd-arm64': [ '0.25.12' ],
1138 silly audit   '@esbuild/netbsd-x64': [ '0.25.12' ],
1138 silly audit   '@esbuild/openbsd-arm64': [ '0.25.12' ],
1138 silly audit   '@esbuild/openbsd-x64': [ '0.25.12' ],
1138 silly audit   '@esbuild/openharmony-arm64': [ '0.25.12' ],
1138 silly audit   '@esbuild/sunos-x64': [ '0.25.12' ],
1138 silly audit   '@esbuild/win32-arm64': [ '0.25.12' ],
1138 silly audit   '@esbuild/win32-ia32': [ '0.25.12' ],
1138 silly audit   '@esbuild/win32-x64': [ '0.25.12' ],
1138 silly audit   '@napi-rs/lzma-linux-x64-gnu': [ '1.5.1' ],
1138 silly audit   '@rollup/rollup-android-arm-eabi': [ '4.62.5' ],
1138 silly audit   '@rollup/rollup-android-arm64': [ '4.62.5' ],
1138 silly audit   '@rollup/rollup-darwin-arm64': [ '4.62.5' ],
1138 silly audit   '@rollup/rollup-darwin-x64': [ '4.62.5' ],
1138 silly audit   '@rollup/rollup-freebsd-arm64': [ '4.62.5' ],
1138 silly audit   '@rollup/rollup-freebsd-x64': [ '4.62.5' ],
1138 silly audit   '@rollup/rollup-linux-arm-gnueabihf': [ '4.62.5' ],
1138 silly audit   '@rollup/rollup-linux-arm-musleabihf': [ '4.62.5' ],
1138 silly audit   '@rollup/rollup-linux-arm64-gnu': [ '4.62.5' ],
1138 silly audit   '@rollup/rollup-linux-arm64-musl': [ '4.62.5' ],
1138 silly audit   '@rollup/rollup-linux-loong64-gnu': [ '4.62.5' ],
1138 silly audit   '@rollup/rollup-linux-loong64-musl': [ '4.62.5' ],
1138 silly audit   '@rollup/rollup-linux-ppc64-gnu': [ '4.62.5' ],
1138 silly audit   '@rollup/rollup-linux-ppc64-musl': [ '4.62.5' ],
1138 silly audit   '@rollup/rollup-linux-riscv64-gnu': [ '4.62.5' ],
1138 silly audit   '@rollup/rollup-linux-riscv64-musl': [ '4.62.5' ],
1138 silly audit   '@rollup/rollup-linux-s390x-gnu': [ '4.62.5' ],
1138 silly audit   '@rollup/rollup-linux-x64-gnu': [ '4.62.5' ],
1138 silly audit   '@rollup/rollup-linux-x64-musl': [ '4.62.5' ],
1138 silly audit   '@rollup/rollup-openbsd-x64': [ '4.62.5' ],
1138 silly audit   '@rollup/rollup-openharmony-arm64': [ '4.62.5' ],
1138 silly audit   '@rollup/rollup-win32-arm64-msvc': [ '4.62.5' ],
1138 silly audit   '@rollup/rollup-win32-ia32-msvc': [ '4.62.5' ],
1138 silly audit   '@rollup/rollup-win32-x64-gnu': [ '4.62.5' ],
1138 silly audit   '@rollup/rollup-win32-x64-msvc': [ '4.62.5' ],
1138 silly audit   '@types/estree': [ '1.0.9' ]
1138 silly audit }
1139 http cache @types/estree@https://registry.npmjs.org/@types/estree/-/estree-1.0.9.tgz 0ms (cache hit)
1140 http cache @rollup/rollup-win32-x64-gnu@https://registry.npmjs.org/@rollup/rollup-win32-x64-gnu/-/rollup-win32-x64-gnu-4.62.5.tgz 0ms (cache hit)
1141 http cache @esbuild/win32-x64@https://registry.npmjs.org/@esbuild/win32-x64/-/win32-x64-0.25.12.tgz 0ms (cache hit)
1142 http cache rollup@https://registry.npmjs.org/rollup/-/rollup-4.62.5.tgz 0ms (cache hit)
1143 http cache is-number@https://registry.npmjs.org/is-number/-/is-number-7.0.0.tgz 0ms (cache hit)
1144 http cache @rollup/rollup-win32-x64-msvc@https://registry.npmjs.org/@rollup/rollup-win32-x64-msvc/-/rollup-win32-x64-msvc-4.62.5.tgz 0ms (cache hit)
1145 http cache thenify@https://registry.npmjs.org/thenify/-/thenify-3.3.1.tgz 0ms (cache hit)
1146 http cache esbuild@https://registry.npmjs.org/esbuild/-/esbuild-0.25.12.tgz 0ms (cache hit)
1147 http cache escalade@https://registry.npmjs.org/escalade/-/escalade-3.2.0.tgz 0ms (cache hit)
1148 http cache thenify-all@https://registry.npmjs.org/thenify-all/-/thenify-all-1.6.0.tgz 1ms (cache hit)
1149 http cache any-promise@https://registry.npmjs.org/any-promise/-/any-promise-1.3.0.tgz 0ms (cache hit)
1150 http cache ts-interface-checker@https://registry.npmjs.org/ts-interface-checker/-/ts-interface-checker-0.1.13.tgz 0ms (cache hit)
1151 http cache pirates@https://registry.npmjs.org/pirates/-/pirates-4.0.7.tgz 0ms (cache hit)
1152 http cache object-assign@https://registry.npmjs.org/object-assign/-/object-assign-4.1.1.tgz 0ms (cache hit)
1153 http cache mz@https://registry.npmjs.org/mz/-/mz-2.7.0.tgz 0ms (cache hit)
1154 http cache tinyglobby@https://registry.npmjs.org/tinyglobby/-/tinyglobby-0.2.17.tgz 0ms (cache hit)
1155 http cache lines-and-columns@https://registry.npmjs.org/lines-and-columns/-/lines-and-columns-1.2.4.tgz 0ms (cache hit)
1156 http cache commander@https://registry.npmjs.org/commander/-/commander-4.1.1.tgz 0ms (cache hit)
1157 http cache function-bind@https://registry.npmjs.org/function-bind/-/function-bind-1.1.2.tgz 0ms (cache hit)
1158 http cache queue-microtask@https://registry.npmjs.org/queue-microtask/-/queue-microtask-1.2.3.tgz 0ms (cache hit)
1159 http cache hasown@https://registry.npmjs.org/hasown/-/hasown-2.0.4.tgz 0ms (cache hit)
1160 http cache supports-preserve-symlinks-flag@https://registry.npmjs.org/supports-preserve-symlinks-flag/-/supports-preserve-symlinks-flag-1.0.0.tgz 0ms (cache hit)
1161 http cache is-core-module@https://registry.npmjs.org/is-core-module/-/is-core-module-2.16.2.tgz 0ms (cache hit)
1162 http cache path-parse@https://registry.npmjs.org/path-parse/-/path-parse-1.0.7.tgz 0ms (cache hit)
1163 http cache es-errors@https://registry.npmjs.org/es-errors/-/es-errors-1.3.0.tgz 0ms (cache hit)
1164 http cache util-deprecate@https://registry.npmjs.org/util-deprecate/-/util-deprecate-1.0.2.tgz 0ms (cache hit)
1165 http cache camelcase-css@https://registry.npmjs.org/camelcase-css/-/camelcase-css-2.0.1.tgz 0ms (cache hit)
1166 http cache cssesc@https://registry.npmjs.org/cssesc/-/cssesc-3.0.0.tgz 0ms (cache hit)
1167 http cache is-extglob@https://registry.npmjs.org/is-extglob/-/is-extglob-2.1.1.tgz 0ms (cache hit)
1168 http cache binary-extensions@https://registry.npmjs.org/binary-extensions/-/binary-extensions-2.3.0.tgz 0ms (cache hit)
1169 http cache read-cache@https://registry.npmjs.org/read-cache/-/read-cache-1.0.2.tgz 0ms (cache hit)
1170 http cache to-regex-range@https://registry.npmjs.org/to-regex-range/-/to-regex-range-5.0.1.tgz 0ms (cache hit)
1171 http cache reusify@https://registry.npmjs.org/reusify/-/reusify-1.1.0.tgz 0ms (cache hit)
1172 http cache @nodelib/fs.scandir@https://registry.npmjs.org/@nodelib/fs.scandir/-/fs.scandir-2.1.5.tgz 0ms (cache hit)
1173 http cache fastq@https://registry.npmjs.org/fastq/-/fastq-1.20.1.tgz 0ms (cache hit)
1174 http cache run-parallel@https://registry.npmjs.org/run-parallel/-/run-parallel-1.2.0.tgz 0ms (cache hit)
1175 http cache @nodelib/fs.walk@https://registry.npmjs.org/@nodelib/fs.walk/-/fs.walk-1.2.8.tgz 0ms (cache hit)
1176 http cache merge2@https://registry.npmjs.org/merge2/-/merge2-1.4.1.tgz 0ms (cache hit)
1177 http cache @nodelib/fs.stat@https://registry.npmjs.org/@nodelib/fs.stat/-/fs.stat-2.0.5.tgz 0ms (cache hit)
1178 http cache fill-range@https://registry.npmjs.org/fill-range/-/fill-range-7.1.1.tgz 0ms (cache hit)
1179 http cache readdirp@https://registry.npmjs.org/readdirp/-/readdirp-3.6.0.tgz 0ms (cache hit)
1180 http cache picomatch@https://registry.npmjs.org/picomatch/-/picomatch-2.3.2.tgz 0ms (cache hit)
1181 http cache is-binary-path@https://registry.npmjs.org/is-binary-path/-/is-binary-path-2.1.0.tgz 0ms (cache hit)
1182 http cache braces@https://registry.npmjs.org/braces/-/braces-3.0.3.tgz 0ms (cache hit)
1183 http cache anymatch@https://registry.npmjs.org/anymatch/-/anymatch-3.1.3.tgz 0ms (cache hit)
1184 http cache sucrase@https://registry.npmjs.org/sucrase/-/sucrase-3.35.1.tgz 0ms (cache hit)
1185 http cache resolve@https://registry.npmjs.org/resolve/-/resolve-1.22.12.tgz 0ms (cache hit)
1186 http cache postcss-selector-parser@https://registry.npmjs.org/postcss-selector-parser/-/postcss-selector-parser-6.1.4.tgz 0ms (cache hit)
1187 http cache postcss-js@https://registry.npmjs.org/postcss-js/-/postcss-js-4.1.0.tgz 0ms (cache hit)
1188 http cache postcss-load-config@https://registry.npmjs.org/postcss-load-config/-/postcss-load-config-6.0.1.tgz 0ms (cache hit)
1189 http cache postcss-nested@https://registry.npmjs.org/postcss-nested/-/postcss-nested-6.2.0.tgz 0ms (cache hit)
1190 http cache postcss-import@https://registry.npmjs.org/postcss-import/-/postcss-import-15.1.0.tgz 0ms (cache hit)
1191 http cache micromatch@https://registry.npmjs.org/micromatch/-/micromatch-4.0.8.tgz 0ms (cache hit)
1192 http cache object-hash@https://registry.npmjs.org/object-hash/-/object-hash-3.0.0.tgz 0ms (cache hit)
1193 http cache lilconfig@https://registry.npmjs.org/lilconfig/-/lilconfig-3.1.3.tgz 0ms (cache hit)
1194 http cache jiti@https://registry.npmjs.org/jiti/-/jiti-1.21.7.tgz 0ms (cache hit)
1195 http cache normalize-path@https://registry.npmjs.org/normalize-path/-/normalize-path-3.0.0.tgz 0ms (cache hit)
1196 http cache glob-parent@https://registry.npmjs.org/glob-parent/-/glob-parent-6.0.2.tgz 0ms (cache hit)
1197 http cache is-glob@https://registry.npmjs.org/is-glob/-/is-glob-4.0.3.tgz 0ms (cache hit)
1198 http cache dlv@https://registry.npmjs.org/dlv/-/dlv-1.1.3.tgz 0ms (cache hit)
1199 http cache fast-glob@https://registry.npmjs.org/fast-glob/-/fast-glob-3.3.3.tgz 0ms (cache hit)
1200 http cache didyoumean@https://registry.npmjs.org/didyoumean/-/didyoumean-1.2.2.tgz 0ms (cache hit)
1201 http cache chokidar@https://registry.npmjs.org/chokidar/-/chokidar-3.6.0.tgz 0ms (cache hit)
1202 http cache @alloc/quick-lru@https://registry.npmjs.org/@alloc/quick-lru/-/quick-lru-5.2.0.tgz 0ms (cache hit)
1203 http cache arg@https://registry.npmjs.org/arg/-/arg-5.0.2.tgz 0ms (cache hit)
1204 http cache scheduler@https://registry.npmjs.org/scheduler/-/scheduler-0.27.0.tgz 0ms (cache hit)
1205 http cache source-map-js@https://registry.npmjs.org/source-map-js/-/source-map-js-1.2.1.tgz 0ms (cache hit)
1206 http cache nanoid@https://registry.npmjs.org/nanoid/-/nanoid-3.3.18.tgz 0ms (cache hit)
1207 http cache update-browserslist-db@https://registry.npmjs.org/update-browserslist-db/-/update-browserslist-db-1.3.1.tgz 0ms (cache hit)
1208 http cache yallist@https://registry.npmjs.org/yallist/-/yallist-3.1.1.tgz 0ms (cache hit)
1209 http cache node-releases@https://registry.npmjs.org/node-releases/-/node-releases-2.0.53.tgz 0ms (cache hit)
1210 http cache ms@https://registry.npmjs.org/ms/-/ms-2.1.3.tgz 0ms (cache hit)
1211 http cache electron-to-chromium@https://registry.npmjs.org/electron-to-chromium/-/electron-to-chromium-1.5.412.tgz 0ms (cache hit)
1212 http cache postcss-value-parser@https://registry.npmjs.org/postcss-value-parser/-/postcss-value-parser-4.2.0.tgz 0ms (cache hit)
1213 http cache baseline-browser-mapping@https://registry.npmjs.org/baseline-browser-mapping/-/baseline-browser-mapping-2.11.17.tgz 0ms (cache hit)
1214 http cache fraction.js@https://registry.npmjs.org/fraction.js/-/fraction.js-5.3.4.tgz 0ms (cache hit)
1215 http cache @types/babel__template@https://registry.npmjs.org/@types/babel__template/-/babel__template-7.4.4.tgz 0ms (cache hit)
1216 http cache caniuse-lite@https://registry.npmjs.org/caniuse-lite/-/caniuse-lite-1.0.30001809.tgz 0ms (cache hit)
1217 http cache @types/babel__traverse@https://registry.npmjs.org/@types/babel__traverse/-/babel__traverse-7.28.0.tgz 0ms (cache hit)
1218 http cache @types/babel__generator@https://registry.npmjs.org/@types/babel__generator/-/babel__generator-7.27.0.tgz 0ms (cache hit)
1219 http cache @jridgewell/resolve-uri@https://registry.npmjs.org/@jridgewell/resolve-uri/-/resolve-uri-3.1.2.tgz 0ms (cache hit)
1220 http cache @jridgewell/sourcemap-codec@https://registry.npmjs.org/@jridgewell/sourcemap-codec/-/sourcemap-codec-1.5.5.tgz 0ms (cache hit)
1221 http cache @babel/helper-string-parser@https://registry.npmjs.org/@babel/helper-string-parser/-/helper-string-parser-7.29.7.tgz 0ms (cache hit)
1222 http cache @babel/helper-globals@https://registry.npmjs.org/@babel/helper-globals/-/helper-globals-7.29.7.tgz 0ms (cache hit)
1223 http cache @babel/helper-plugin-utils@https://registry.npmjs.org/@babel/helper-plugin-utils/-/helper-plugin-utils-7.29.7.tgz 0ms (cache hit)
1224 http cache lru-cache@https://registry.npmjs.org/lru-cache/-/lru-cache-5.1.1.tgz 0ms (cache hit)
1225 http cache @babel/helper-module-imports@https://registry.npmjs.org/@babel/helper-module-imports/-/helper-module-imports-7.29.7.tgz 0ms (cache hit)
1226 http cache @babel/helper-validator-option@https://registry.npmjs.org/@babel/helper-validator-option/-/helper-validator-option-7.29.7.tgz 1ms (cache hit)
1227 http cache @jridgewell/trace-mapping@https://registry.npmjs.org/@jridgewell/trace-mapping/-/trace-mapping-0.3.31.tgz 0ms (cache hit)
1228 http cache jsesc@https://registry.npmjs.org/jsesc/-/jsesc-3.1.0.tgz 0ms (cache hit)
1229 http cache browserslist@https://registry.npmjs.org/browserslist/-/browserslist-4.28.8.tgz 0ms (cache hit)
1230 http cache @jridgewell/gen-mapping@https://registry.npmjs.org/@jridgewell/gen-mapping/-/gen-mapping-0.3.13.tgz 0ms (cache hit)
1231 http cache @babel/compat-data@https://registry.npmjs.org/@babel/compat-data/-/compat-data-7.29.7.tgz 0ms (cache hit)
1232 http cache picocolors@https://registry.npmjs.org/picocolors/-/picocolors-1.1.1.tgz 0ms (cache hit)
1233 http cache @babel/helper-validator-identifier@https://registry.npmjs.org/@babel/helper-validator-identifier/-/helper-validator-identifier-7.29.7.tgz 0ms (cache hit)
1234 http cache semver@https://registry.npmjs.org/semver/-/semver-6.3.1.tgz 0ms (cache hit)
1235 http cache json5@https://registry.npmjs.org/json5/-/json5-2.2.3.tgz 0ms (cache hit)
1236 http cache js-tokens@https://registry.npmjs.org/js-tokens/-/js-tokens-4.0.0.tgz 0ms (cache hit)
1237 http cache gensync@https://registry.npmjs.org/gensync/-/gensync-1.0.0-beta.2.tgz 0ms (cache hit)
1238 http cache @jridgewell/remapping@https://registry.npmjs.org/@jridgewell/remapping/-/remapping-2.3.5.tgz 0ms (cache hit)
1239 http cache debug@https://registry.npmjs.org/debug/-/debug-4.4.3.tgz 0ms (cache hit)
1240 http cache @babel/types@https://registry.npmjs.org/@babel/types/-/types-7.29.8.tgz 0ms (cache hit)
1241 http cache convert-source-map@https://registry.npmjs.org/convert-source-map/-/convert-source-map-2.0.0.tgz 0ms (cache hit)
1242 http cache @babel/traverse@https://registry.npmjs.org/@babel/traverse/-/traverse-7.29.8.tgz 0ms (cache hit)
1243 http cache @babel/template@https://registry.npmjs.org/@babel/template/-/template-7.29.7.tgz 0ms (cache hit)
1244 http cache @babel/helpers@https://registry.npmjs.org/@babel/helpers/-/helpers-7.29.7.tgz 0ms (cache hit)
1245 http cache @babel/helper-module-transforms@https://registry.npmjs.org/@babel/helper-module-transforms/-/helper-module-transforms-7.29.7.tgz 0ms (cache hit)
1246 http cache @babel/parser@https://registry.npmjs.org/@babel/parser/-/parser-7.29.8.tgz 0ms (cache hit)
1247 http cache @babel/code-frame@https://registry.npmjs.org/@babel/code-frame/-/code-frame-7.29.7.tgz 0ms (cache hit)
1248 http cache react-refresh@https://registry.npmjs.org/react-refresh/-/react-refresh-0.17.0.tgz 0ms (cache hit)
1249 http cache @babel/generator@https://registry.npmjs.org/@babel/generator/-/generator-7.29.8.tgz 0ms (cache hit)
1250 http cache @types/babel__core@https://registry.npmjs.org/@types/babel__core/-/babel__core-7.20.5.tgz 0ms (cache hit)
1251 http cache @babel/helper-compilation-targets@https://registry.npmjs.org/@babel/helper-compilation-targets/-/helper-compilation-targets-7.29.7.tgz 0ms (cache hit)
1252 http cache @rolldown/pluginutils@https://registry.npmjs.org/@rolldown/pluginutils/-/pluginutils-1.0.0-beta.27.tgz 0ms (cache hit)
1253 http cache csstype@https://registry.npmjs.org/csstype/-/csstype-3.2.3.tgz 0ms (cache hit)
1254 http cache @babel/core@https://registry.npmjs.org/@babel/core/-/core-7.29.7.tgz 0ms (cache hit)
1255 http cache @babel/plugin-transform-react-jsx-self@https://registry.npmjs.org/@babel/plugin-transform-react-jsx-self/-/plugin-transform-react-jsx-self-7.29.7.tgz 0ms (cache hit)
1256 http cache iceberg-js@https://registry.npmjs.org/iceberg-js/-/iceberg-js-0.8.1.tgz 0ms (cache hit)
1257 http cache @babel/plugin-transform-react-jsx-source@https://registry.npmjs.org/@babel/plugin-transform-react-jsx-source/-/plugin-transform-react-jsx-source-7.29.7.tgz 0ms (cache hit)
1258 http cache tslib@https://registry.npmjs.org/tslib/-/tslib-2.8.1.tgz 0ms (cache hit)
1259 http cache @supabase/phoenix@https://registry.npmjs.org/@supabase/phoenix/-/phoenix-0.4.5.tgz 0ms (cache hit)
1260 http cache @supabase/storage-js@https://registry.npmjs.org/@supabase/storage-js/-/storage-js-2.112.3.tgz 0ms (cache hit)
1261 http cache @supabase/realtime-js@https://registry.npmjs.org/@supabase/realtime-js/-/realtime-js-2.112.3.tgz 0ms (cache hit)
1262 http cache typescript@https://registry.npmjs.org/typescript/-/typescript-5.7.3.tgz 0ms (cache hit)
1263 http cache @supabase/postgrest-js@https://registry.npmjs.org/@supabase/postgrest-js/-/postgrest-js-2.112.3.tgz 0ms (cache hit)
1264 http cache @supabase/functions-js@https://registry.npmjs.org/@supabase/functions-js/-/functions-js-2.112.3.tgz 0ms (cache hit)
1265 http cache @supabase/auth-js@https://registry.npmjs.org/@supabase/auth-js/-/auth-js-2.112.3.tgz 0ms (cache hit)
1266 http cache tailwindcss@https://registry.npmjs.org/tailwindcss/-/tailwindcss-3.4.19.tgz 0ms (cache hit)
1267 http cache autoprefixer@https://registry.npmjs.org/autoprefixer/-/autoprefixer-10.5.4.tgz 0ms (cache hit)
1268 http cache react-dom@https://registry.npmjs.org/react-dom/-/react-dom-19.2.8.tgz 0ms (cache hit)
1269 http cache react@https://registry.npmjs.org/react/-/react-19.2.8.tgz 0ms (cache hit)
1270 http cache postcss@https://registry.npmjs.org/postcss/-/postcss-8.5.26.tgz 0ms (cache hit)
1271 http cache vite@https://registry.npmjs.org/vite/-/vite-6.4.3.tgz 0ms (cache hit)
1272 http cache @supabase/supabase-js@https://registry.npmjs.org/@supabase/supabase-js/-/supabase-js-2.112.3.tgz 0ms (cache hit)
1273 http cache @vitejs/plugin-react@https://registry.npmjs.org/@vitejs/plugin-react/-/plugin-react-4.7.0.tgz 0ms (cache hit)
1274 http cache picomatch@https://registry.npmjs.org/picomatch/-/picomatch-4.0.5.tgz 0ms (cache hit)
1275 http cache @types/react-dom@https://registry.npmjs.org/@types/react-dom/-/react-dom-19.2.4.tgz 0ms (cache hit)
1276 http cache @types/react@https://registry.npmjs.org/@types/react/-/react-19.2.18.tgz 0ms (cache hit)
1277 http cache fdir@https://registry.npmjs.org/fdir/-/fdir-6.5.0.tgz 0ms (cache hit)
1278 http cache glob-parent@https://registry.npmjs.org/glob-parent/-/glob-parent-5.1.2.tgz 0ms (cache hit)
1279 silly tarball no local data for @types/estree@https://registry.npmjs.org/@types/estree/-/estree-1.0.9.tgz. Extracting by manifest.
1280 http cache glob-parent@https://registry.npmjs.org/glob-parent/-/glob-parent-5.1.2.tgz 0ms (cache hit)
1281 silly tarball no local data for @rollup/rollup-win32-x64-gnu@https://registry.npmjs.org/@rollup/rollup-win32-x64-gnu/-/rollup-win32-x64-gnu-4.62.5.tgz. Extracting by manifest.
1282 silly tarball no local data for @esbuild/win32-x64@https://registry.npmjs.org/@esbuild/win32-x64/-/win32-x64-0.25.12.tgz. Extracting by manifest.
1283 silly tarball no local data for rollup@https://registry.npmjs.org/rollup/-/rollup-4.62.5.tgz. Extracting by manifest.
1284 silly tarball no local data for is-number@https://registry.npmjs.org/is-number/-/is-number-7.0.0.tgz. Extracting by manifest.
1285 silly tarball no local data for @rollup/rollup-win32-x64-msvc@https://registry.npmjs.org/@rollup/rollup-win32-x64-msvc/-/rollup-win32-x64-msvc-4.62.5.tgz. Extracting by manifest.
1286 silly tarball no local data for thenify@https://registry.npmjs.org/thenify/-/thenify-3.3.1.tgz. Extracting by manifest.
1287 silly tarball no local data for esbuild@https://registry.npmjs.org/esbuild/-/esbuild-0.25.12.tgz. Extracting by manifest.
1288 silly tarball no local data for escalade@https://registry.npmjs.org/escalade/-/escalade-3.2.0.tgz. Extracting by manifest.
1289 silly tarball no local data for thenify-all@https://registry.npmjs.org/thenify-all/-/thenify-all-1.6.0.tgz. Extracting by manifest.
1290 silly tarball no local data for any-promise@https://registry.npmjs.org/any-promise/-/any-promise-1.3.0.tgz. Extracting by manifest.
1291 silly tarball no local data for ts-interface-checker@https://registry.npmjs.org/ts-interface-checker/-/ts-interface-checker-0.1.13.tgz. Extracting by manifest.
1292 http cache fdir@https://registry.npmjs.org/fdir/-/fdir-6.5.0.tgz 0ms (cache hit)
1293 silly tarball no local data for pirates@https://registry.npmjs.org/pirates/-/pirates-4.0.7.tgz. Extracting by manifest.
1294 silly tarball no local data for object-assign@https://registry.npmjs.org/object-assign/-/object-assign-4.1.1.tgz. Extracting by manifest.
1295 silly tarball no local data for mz@https://registry.npmjs.org/mz/-/mz-2.7.0.tgz. Extracting by manifest.
1296 http cache picomatch@https://registry.npmjs.org/picomatch/-/picomatch-4.0.5.tgz 0ms (cache hit)
1297 silly tarball no local data for tinyglobby@https://registry.npmjs.org/tinyglobby/-/tinyglobby-0.2.17.tgz. Extracting by manifest.
1298 silly tarball no local data for lines-and-columns@https://registry.npmjs.org/lines-and-columns/-/lines-and-columns-1.2.4.tgz. Extracting by manifest.
1299 silly tarball no local data for commander@https://registry.npmjs.org/commander/-/commander-4.1.1.tgz. Extracting by manifest.
1300 silly tarball no local data for function-bind@https://registry.npmjs.org/function-bind/-/function-bind-1.1.2.tgz. Extracting by manifest.
1301 silly tarball no local data for queue-microtask@https://registry.npmjs.org/queue-microtask/-/queue-microtask-1.2.3.tgz. Extracting by manifest.
1302 silly tarball no local data for hasown@https://registry.npmjs.org/hasown/-/hasown-2.0.4.tgz. Extracting by manifest.
1303 silly tarball no local data for supports-preserve-symlinks-flag@https://registry.npmjs.org/supports-preserve-symlinks-flag/-/supports-preserve-symlinks-flag-1.0.0.tgz. Extracting by manifest.
1304 silly tarball no local data for is-core-module@https://registry.npmjs.org/is-core-module/-/is-core-module-2.16.2.tgz. Extracting by manifest.
1305 silly tarball no local data for path-parse@https://registry.npmjs.org/path-parse/-/path-parse-1.0.7.tgz. Extracting by manifest.
1306 silly tarball no local data for es-errors@https://registry.npmjs.org/es-errors/-/es-errors-1.3.0.tgz. Extracting by manifest.
1307 silly tarball no local data for util-deprecate@https://registry.npmjs.org/util-deprecate/-/util-deprecate-1.0.2.tgz. Extracting by manifest.
1308 silly tarball no local data for camelcase-css@https://registry.npmjs.org/camelcase-css/-/camelcase-css-2.0.1.tgz. Extracting by manifest.
1309 silly tarball no local data for cssesc@https://registry.npmjs.org/cssesc/-/cssesc-3.0.0.tgz. Extracting by manifest.
1310 silly tarball no local data for is-extglob@https://registry.npmjs.org/is-extglob/-/is-extglob-2.1.1.tgz. Extracting by manifest.
1311 silly tarball no local data for binary-extensions@https://registry.npmjs.org/binary-extensions/-/binary-extensions-2.3.0.tgz. Extracting by manifest.
1312 silly tarball no local data for read-cache@https://registry.npmjs.org/read-cache/-/read-cache-1.0.2.tgz. Extracting by manifest.
1313 silly tarball no local data for to-regex-range@https://registry.npmjs.org/to-regex-range/-/to-regex-range-5.0.1.tgz. Extracting by manifest.
1314 silly tarball no local data for reusify@https://registry.npmjs.org/reusify/-/reusify-1.1.0.tgz. Extracting by manifest.
1315 silly tarball no local data for @nodelib/fs.scandir@https://registry.npmjs.org/@nodelib/fs.scandir/-/fs.scandir-2.1.5.tgz. Extracting by manifest.
1316 silly tarball no local data for fastq@https://registry.npmjs.org/fastq/-/fastq-1.20.1.tgz. Extracting by manifest.
1317 silly tarball no local data for run-parallel@https://registry.npmjs.org/run-parallel/-/run-parallel-1.2.0.tgz. Extracting by manifest.
1318 silly tarball no local data for @nodelib/fs.walk@https://registry.npmjs.org/@nodelib/fs.walk/-/fs.walk-1.2.8.tgz. Extracting by manifest.
1319 silly tarball no local data for merge2@https://registry.npmjs.org/merge2/-/merge2-1.4.1.tgz. Extracting by manifest.
1320 silly tarball no local data for @nodelib/fs.stat@https://registry.npmjs.org/@nodelib/fs.stat/-/fs.stat-2.0.5.tgz. Extracting by manifest.
1321 silly tarball no local data for fill-range@https://registry.npmjs.org/fill-range/-/fill-range-7.1.1.tgz. Extracting by manifest.
1322 silly tarball no local data for readdirp@https://registry.npmjs.org/readdirp/-/readdirp-3.6.0.tgz. Extracting by manifest.
1323 silly tarball no local data for picomatch@https://registry.npmjs.org/picomatch/-/picomatch-2.3.2.tgz. Extracting by manifest.
1324 silly tarball no local data for is-binary-path@https://registry.npmjs.org/is-binary-path/-/is-binary-path-2.1.0.tgz. Extracting by manifest.
1325 silly tarball no local data for braces@https://registry.npmjs.org/braces/-/braces-3.0.3.tgz. Extracting by manifest.
1326 silly tarball no local data for anymatch@https://registry.npmjs.org/anymatch/-/anymatch-3.1.3.tgz. Extracting by manifest.
1327 silly tarball no local data for sucrase@https://registry.npmjs.org/sucrase/-/sucrase-3.35.1.tgz. Extracting by manifest.
1328 silly tarball no local data for resolve@https://registry.npmjs.org/resolve/-/resolve-1.22.12.tgz. Extracting by manifest.
1329 silly tarball no local data for postcss-selector-parser@https://registry.npmjs.org/postcss-selector-parser/-/postcss-selector-parser-6.1.4.tgz. Extracting by manifest.
1330 silly tarball no local data for postcss-js@https://registry.npmjs.org/postcss-js/-/postcss-js-4.1.0.tgz. Extracting by manifest.
1331 silly tarball no local data for postcss-load-config@https://registry.npmjs.org/postcss-load-config/-/postcss-load-config-6.0.1.tgz. Extracting by manifest.
1332 silly tarball no local data for postcss-nested@https://registry.npmjs.org/postcss-nested/-/postcss-nested-6.2.0.tgz. Extracting by manifest.
1333 silly tarball no local data for postcss-import@https://registry.npmjs.org/postcss-import/-/postcss-import-15.1.0.tgz. Extracting by manifest.
1334 silly tarball no local data for micromatch@https://registry.npmjs.org/micromatch/-/micromatch-4.0.8.tgz. Extracting by manifest.
1335 silly tarball no local data for object-hash@https://registry.npmjs.org/object-hash/-/object-hash-3.0.0.tgz. Extracting by manifest.
1336 silly tarball no local data for lilconfig@https://registry.npmjs.org/lilconfig/-/lilconfig-3.1.3.tgz. Extracting by manifest.
1337 silly tarball no local data for jiti@https://registry.npmjs.org/jiti/-/jiti-1.21.7.tgz. Extracting by manifest.
1338 silly tarball no local data for normalize-path@https://registry.npmjs.org/normalize-path/-/normalize-path-3.0.0.tgz. Extracting by manifest.
1339 silly tarball no local data for glob-parent@https://registry.npmjs.org/glob-parent/-/glob-parent-6.0.2.tgz. Extracting by manifest.
1340 silly tarball no local data for is-glob@https://registry.npmjs.org/is-glob/-/is-glob-4.0.3.tgz. Extracting by manifest.
1341 silly tarball no local data for dlv@https://registry.npmjs.org/dlv/-/dlv-1.1.3.tgz. Extracting by manifest.
1342 silly tarball no local data for fast-glob@https://registry.npmjs.org/fast-glob/-/fast-glob-3.3.3.tgz. Extracting by manifest.
1343 silly tarball no local data for didyoumean@https://registry.npmjs.org/didyoumean/-/didyoumean-1.2.2.tgz. Extracting by manifest.
1344 silly tarball no local data for chokidar@https://registry.npmjs.org/chokidar/-/chokidar-3.6.0.tgz. Extracting by manifest.
1345 silly tarball no local data for @alloc/quick-lru@https://registry.npmjs.org/@alloc/quick-lru/-/quick-lru-5.2.0.tgz. Extracting by manifest.
1346 silly tarball no local data for arg@https://registry.npmjs.org/arg/-/arg-5.0.2.tgz. Extracting by manifest.
1347 silly tarball no local data for scheduler@https://registry.npmjs.org/scheduler/-/scheduler-0.27.0.tgz. Extracting by manifest.
1348 silly tarball no local data for source-map-js@https://registry.npmjs.org/source-map-js/-/source-map-js-1.2.1.tgz. Extracting by manifest.
1349 silly tarball no local data for nanoid@https://registry.npmjs.org/nanoid/-/nanoid-3.3.18.tgz. Extracting by manifest.
1350 silly tarball no local data for update-browserslist-db@https://registry.npmjs.org/update-browserslist-db/-/update-browserslist-db-1.3.1.tgz. Extracting by manifest.
1351 silly tarball no local data for yallist@https://registry.npmjs.org/yallist/-/yallist-3.1.1.tgz. Extracting by manifest.
1352 silly tarball no local data for node-releases@https://registry.npmjs.org/node-releases/-/node-releases-2.0.53.tgz. Extracting by manifest.
1353 silly tarball no local data for ms@https://registry.npmjs.org/ms/-/ms-2.1.3.tgz. Extracting by manifest.
1354 silly tarball no local data for electron-to-chromium@https://registry.npmjs.org/electron-to-chromium/-/electron-to-chromium-1.5.412.tgz. Extracting by manifest.
1355 silly tarball no local data for postcss-value-parser@https://registry.npmjs.org/postcss-value-parser/-/postcss-value-parser-4.2.0.tgz. Extracting by manifest.
1356 silly tarball no local data for baseline-browser-mapping@https://registry.npmjs.org/baseline-browser-mapping/-/baseline-browser-mapping-2.11.17.tgz. Extracting by manifest.
1357 silly tarball no local data for fraction.js@https://registry.npmjs.org/fraction.js/-/fraction.js-5.3.4.tgz. Extracting by manifest.
1358 silly tarball no local data for @types/babel__template@https://registry.npmjs.org/@types/babel__template/-/babel__template-7.4.4.tgz. Extracting by manifest.
1359 silly tarball no local data for caniuse-lite@https://registry.npmjs.org/caniuse-lite/-/caniuse-lite-1.0.30001809.tgz. Extracting by manifest.
1360 silly tarball no local data for @types/babel__traverse@https://registry.npmjs.org/@types/babel__traverse/-/babel__traverse-7.28.0.tgz. Extracting by manifest.
1361 silly tarball no local data for @types/babel__generator@https://registry.npmjs.org/@types/babel__generator/-/babel__generator-7.27.0.tgz. Extracting by manifest.
1362 silly tarball no local data for @jridgewell/resolve-uri@https://registry.npmjs.org/@jridgewell/resolve-uri/-/resolve-uri-3.1.2.tgz. Extracting by manifest.
1363 silly tarball no local data for @jridgewell/sourcemap-codec@https://registry.npmjs.org/@jridgewell/sourcemap-codec/-/sourcemap-codec-1.5.5.tgz. Extracting by manifest.
1364 silly tarball no local data for @babel/helper-string-parser@https://registry.npmjs.org/@babel/helper-string-parser/-/helper-string-parser-7.29.7.tgz. Extracting by manifest.
1365 silly tarball no local data for @babel/helper-globals@https://registry.npmjs.org/@babel/helper-globals/-/helper-globals-7.29.7.tgz. Extracting by manifest.
1366 silly tarball no local data for @babel/helper-plugin-utils@https://registry.npmjs.org/@babel/helper-plugin-utils/-/helper-plugin-utils-7.29.7.tgz. Extracting by manifest.
1367 silly tarball no local data for lru-cache@https://registry.npmjs.org/lru-cache/-/lru-cache-5.1.1.tgz. Extracting by manifest.
1368 silly tarball no local data for @babel/helper-module-imports@https://registry.npmjs.org/@babel/helper-module-imports/-/helper-module-imports-7.29.7.tgz. Extracting by manifest.
1369 silly tarball no local data for @babel/helper-validator-option@https://registry.npmjs.org/@babel/helper-validator-option/-/helper-validator-option-7.29.7.tgz. Extracting by manifest.
1370 silly tarball no local data for @jridgewell/trace-mapping@https://registry.npmjs.org/@jridgewell/trace-mapping/-/trace-mapping-0.3.31.tgz. Extracting by manifest.
1371 silly tarball no local data for jsesc@https://registry.npmjs.org/jsesc/-/jsesc-3.1.0.tgz. Extracting by manifest.
1372 silly tarball no local data for browserslist@https://registry.npmjs.org/browserslist/-/browserslist-4.28.8.tgz. Extracting by manifest.
1373 silly tarball no local data for @jridgewell/gen-mapping@https://registry.npmjs.org/@jridgewell/gen-mapping/-/gen-mapping-0.3.13.tgz. Extracting by manifest.
1374 silly tarball no local data for @babel/compat-data@https://registry.npmjs.org/@babel/compat-data/-/compat-data-7.29.7.tgz. Extracting by manifest.
1375 silly tarball no local data for picocolors@https://registry.npmjs.org/picocolors/-/picocolors-1.1.1.tgz. Extracting by manifest.
1376 silly tarball no local data for @babel/helper-validator-identifier@https://registry.npmjs.org/@babel/helper-validator-identifier/-/helper-validator-identifier-7.29.7.tgz. Extracting by manifest.
1377 silly tarball no local data for semver@https://registry.npmjs.org/semver/-/semver-6.3.1.tgz. Extracting by manifest.
1378 silly tarball no local data for json5@https://registry.npmjs.org/json5/-/json5-2.2.3.tgz. Extracting by manifest.
1379 silly tarball no local data for js-tokens@https://registry.npmjs.org/js-tokens/-/js-tokens-4.0.0.tgz. Extracting by manifest.
1380 silly tarball no local data for gensync@https://registry.npmjs.org/gensync/-/gensync-1.0.0-beta.2.tgz. Extracting by manifest.
1381 silly tarball no local data for @jridgewell/remapping@https://registry.npmjs.org/@jridgewell/remapping/-/remapping-2.3.5.tgz. Extracting by manifest.
1382 silly tarball no local data for debug@https://registry.npmjs.org/debug/-/debug-4.4.3.tgz. Extracting by manifest.
1383 silly tarball no local data for @babel/types@https://registry.npmjs.org/@babel/types/-/types-7.29.8.tgz. Extracting by manifest.
1384 silly tarball no local data for convert-source-map@https://registry.npmjs.org/convert-source-map/-/convert-source-map-2.0.0.tgz. Extracting by manifest.
1385 silly tarball no local data for @babel/traverse@https://registry.npmjs.org/@babel/traverse/-/traverse-7.29.8.tgz. Extracting by manifest.
1386 silly tarball no local data for @babel/template@https://registry.npmjs.org/@babel/template/-/template-7.29.7.tgz. Extracting by manifest.
1387 silly tarball no local data for @babel/helpers@https://registry.npmjs.org/@babel/helpers/-/helpers-7.29.7.tgz. Extracting by manifest.
1388 silly tarball no local data for @babel/helper-module-transforms@https://registry.npmjs.org/@babel/helper-module-transforms/-/helper-module-transforms-7.29.7.tgz. Extracting by manifest.
1389 silly tarball no local data for @babel/parser@https://registry.npmjs.org/@babel/parser/-/parser-7.29.8.tgz. Extracting by manifest.
1390 silly tarball no local data for @babel/code-frame@https://registry.npmjs.org/@babel/code-frame/-/code-frame-7.29.7.tgz. Extracting by manifest.
1391 silly tarball no local data for react-refresh@https://registry.npmjs.org/react-refresh/-/react-refresh-0.17.0.tgz. Extracting by manifest.
1392 silly tarball no local data for @babel/generator@https://registry.npmjs.org/@babel/generator/-/generator-7.29.8.tgz. Extracting by manifest.
1393 silly tarball no local data for @types/babel__core@https://registry.npmjs.org/@types/babel__core/-/babel__core-7.20.5.tgz. Extracting by manifest.
1394 silly tarball no local data for @babel/helper-compilation-targets@https://registry.npmjs.org/@babel/helper-compilation-targets/-/helper-compilation-targets-7.29.7.tgz. Extracting by manifest.
1395 silly tarball no local data for @rolldown/pluginutils@https://registry.npmjs.org/@rolldown/pluginutils/-/pluginutils-1.0.0-beta.27.tgz. Extracting by manifest.
1396 silly tarball no local data for csstype@https://registry.npmjs.org/csstype/-/csstype-3.2.3.tgz. Extracting by manifest.
1397 silly tarball no local data for @babel/core@https://registry.npmjs.org/@babel/core/-/core-7.29.7.tgz. Extracting by manifest.
1398 silly tarball no local data for @babel/plugin-transform-react-jsx-self@https://registry.npmjs.org/@babel/plugin-transform-react-jsx-self/-/plugin-transform-react-jsx-self-7.29.7.tgz. Extracting by manifest.
1399 silly tarball no local data for iceberg-js@https://registry.npmjs.org/iceberg-js/-/iceberg-js-0.8.1.tgz. Extracting by manifest.
1400 silly tarball no local data for @babel/plugin-transform-react-jsx-source@https://registry.npmjs.org/@babel/plugin-transform-react-jsx-source/-/plugin-transform-react-jsx-source-7.29.7.tgz. Extracting by manifest.
1401 silly tarball no local data for tslib@https://registry.npmjs.org/tslib/-/tslib-2.8.1.tgz. Extracting by manifest.
1402 silly tarball no local data for @supabase/phoenix@https://registry.npmjs.org/@supabase/phoenix/-/phoenix-0.4.5.tgz. Extracting by manifest.
1403 silly tarball no local data for @supabase/storage-js@https://registry.npmjs.org/@supabase/storage-js/-/storage-js-2.112.3.tgz. Extracting by manifest.
1404 silly tarball no local data for @supabase/realtime-js@https://registry.npmjs.org/@supabase/realtime-js/-/realtime-js-2.112.3.tgz. Extracting by manifest.
1405 silly tarball no local data for typescript@https://registry.npmjs.org/typescript/-/typescript-5.7.3.tgz. Extracting by manifest.
1406 silly tarball no local data for @supabase/postgrest-js@https://registry.npmjs.org/@supabase/postgrest-js/-/postgrest-js-2.112.3.tgz. Extracting by manifest.
1407 silly tarball no local data for @supabase/functions-js@https://registry.npmjs.org/@supabase/functions-js/-/functions-js-2.112.3.tgz. Extracting by manifest.
1408 silly tarball no local data for @supabase/auth-js@https://registry.npmjs.org/@supabase/auth-js/-/auth-js-2.112.3.tgz. Extracting by manifest.
1409 silly tarball no local data for tailwindcss@https://registry.npmjs.org/tailwindcss/-/tailwindcss-3.4.19.tgz. Extracting by manifest.
1410 silly tarball no local data for autoprefixer@https://registry.npmjs.org/autoprefixer/-/autoprefixer-10.5.4.tgz. Extracting by manifest.
1411 silly tarball no local data for react-dom@https://registry.npmjs.org/react-dom/-/react-dom-19.2.8.tgz. Extracting by manifest.
1412 silly tarball no local data for react@https://registry.npmjs.org/react/-/react-19.2.8.tgz. Extracting by manifest.
1413 silly tarball no local data for postcss@https://registry.npmjs.org/postcss/-/postcss-8.5.26.tgz. Extracting by manifest.
1414 silly tarball no local data for vite@https://registry.npmjs.org/vite/-/vite-6.4.3.tgz. Extracting by manifest.
1415 silly tarball no local data for @supabase/supabase-js@https://registry.npmjs.org/@supabase/supabase-js/-/supabase-js-2.112.3.tgz. Extracting by manifest.
1416 silly tarball no local data for @vitejs/plugin-react@https://registry.npmjs.org/@vitejs/plugin-react/-/plugin-react-4.7.0.tgz. Extracting by manifest.
1417 silly tarball no local data for picomatch@https://registry.npmjs.org/picomatch/-/picomatch-4.0.5.tgz. Extracting by manifest.
1418 silly tarball no local data for @types/react-dom@https://registry.npmjs.org/@types/react-dom/-/react-dom-19.2.4.tgz. Extracting by manifest.
1419 silly tarball no local data for @types/react@https://registry.npmjs.org/@types/react/-/react-19.2.18.tgz. Extracting by manifest.
1420 silly tarball no local data for fdir@https://registry.npmjs.org/fdir/-/fdir-6.5.0.tgz. Extracting by manifest.
1421 silly tarball no local data for glob-parent@https://registry.npmjs.org/glob-parent/-/glob-parent-5.1.2.tgz. Extracting by manifest.
1422 silly tarball no local data for glob-parent@https://registry.npmjs.org/glob-parent/-/glob-parent-5.1.2.tgz. Extracting by manifest.
1423 silly tarball no local data for fdir@https://registry.npmjs.org/fdir/-/fdir-6.5.0.tgz. Extracting by manifest.
1424 silly tarball no local data for picomatch@https://registry.npmjs.org/picomatch/-/picomatch-4.0.5.tgz. Extracting by manifest.
1425 http fetch POST 200 https://registry.npmjs.org/-/npm/v1/security/advisories/bulk 278ms
1426 silly audit report {}
1427 http fetch GET 200 https://registry.npmjs.org/thenify/-/thenify-3.3.1.tgz 304ms (cache miss)
1428 http fetch GET 200 https://registry.npmjs.org/escalade/-/escalade-3.2.0.tgz 313ms (cache miss)
1429 http fetch GET 200 https://registry.npmjs.org/thenify-all/-/thenify-all-1.6.0.tgz 313ms (cache miss)
1430 http fetch GET 200 https://registry.npmjs.org/is-number/-/is-number-7.0.0.tgz 322ms (cache miss)
1431 http fetch GET 200 https://registry.npmjs.org/function-bind/-/function-bind-1.1.2.tgz 324ms (cache miss)
1432 http fetch GET 200 https://registry.npmjs.org/mz/-/mz-2.7.0.tgz 333ms (cache miss)
1433 http fetch GET 200 https://registry.npmjs.org/tinyglobby/-/tinyglobby-0.2.17.tgz 346ms (cache miss)
1434 http fetch GET 200 https://registry.npmjs.org/lines-and-columns/-/lines-and-columns-1.2.4.tgz 354ms (cache miss)
1435 http fetch GET 200 https://registry.npmjs.org/queue-microtask/-/queue-microtask-1.2.3.tgz 360ms (cache miss)
1436 http fetch GET 200 https://registry.npmjs.org/hasown/-/hasown-2.0.4.tgz 376ms (cache miss)
1437 http fetch GET 200 https://registry.npmjs.org/object-assign/-/object-assign-4.1.1.tgz 390ms (cache miss)
1438 http fetch GET 200 https://registry.npmjs.org/supports-preserve-symlinks-flag/-/supports-preserve-symlinks-flag-1.0.0.tgz 404ms (cache miss)
1439 http fetch GET 200 https://registry.npmjs.org/es-errors/-/es-errors-1.3.0.tgz 443ms (cache miss)
1440 http fetch GET 200 https://registry.npmjs.org/cssesc/-/cssesc-3.0.0.tgz 442ms (cache miss)
1441 http fetch GET 200 https://registry.npmjs.org/path-parse/-/path-parse-1.0.7.tgz 453ms (cache miss)
1442 http fetch GET 200 https://registry.npmjs.org/is-core-module/-/is-core-module-2.16.2.tgz 454ms (cache miss)
1443 http fetch GET 200 https://registry.npmjs.org/util-deprecate/-/util-deprecate-1.0.2.tgz 460ms (cache miss)
1444 http fetch GET 200 https://registry.npmjs.org/camelcase-css/-/camelcase-css-2.0.1.tgz 471ms (cache miss)
1445 http fetch GET 200 https://registry.npmjs.org/is-extglob/-/is-extglob-2.1.1.tgz 473ms (cache miss)
1446 http fetch GET 200 https://registry.npmjs.org/reusify/-/reusify-1.1.0.tgz 481ms (cache miss)
1447 http fetch GET 200 https://registry.npmjs.org/commander/-/commander-4.1.1.tgz 493ms (cache miss)
1448 http fetch GET 200 https://registry.npmjs.org/to-regex-range/-/to-regex-range-5.0.1.tgz 497ms (cache miss)
1449 http fetch GET 200 https://registry.npmjs.org/@types/estree/-/estree-1.0.9.tgz 521ms (cache miss)
1450 http fetch GET 200 https://registry.npmjs.org/run-parallel/-/run-parallel-1.2.0.tgz 498ms (cache miss)
1451 http fetch GET 200 https://registry.npmjs.org/esbuild/-/esbuild-0.25.12.tgz 519ms (cache miss)
1452 http fetch GET 200 https://registry.npmjs.org/read-cache/-/read-cache-1.0.2.tgz 504ms (cache miss)
1453 http fetch GET 200 https://registry.npmjs.org/pirates/-/pirates-4.0.7.tgz 522ms (cache miss)
1454 http fetch GET 200 https://registry.npmjs.org/@nodelib/fs.scandir/-/fs.scandir-2.1.5.tgz 529ms (cache miss)
1455 http fetch GET 200 https://registry.npmjs.org/binary-extensions/-/binary-extensions-2.3.0.tgz 540ms (cache miss)
1456 http fetch GET 200 https://registry.npmjs.org/merge2/-/merge2-1.4.1.tgz 552ms (cache miss)
1457 http fetch GET 200 https://registry.npmjs.org/is-binary-path/-/is-binary-path-2.1.0.tgz 569ms (cache miss)
1458 http fetch GET 200 https://registry.npmjs.org/@nodelib/fs.walk/-/fs.walk-1.2.8.tgz 587ms (cache miss)
1459 http fetch GET 200 https://registry.npmjs.org/fill-range/-/fill-range-7.1.1.tgz 588ms (cache miss)
1460 http fetch GET 200 https://registry.npmjs.org/postcss-nested/-/postcss-nested-6.2.0.tgz 627ms (cache miss)
1461 http fetch GET 200 https://registry.npmjs.org/anymatch/-/anymatch-3.1.3.tgz 680ms (cache miss)
1462 http fetch GET 200 https://registry.npmjs.org/micromatch/-/micromatch-4.0.8.tgz 677ms (cache miss)
1463 http fetch GET 200 https://registry.npmjs.org/lilconfig/-/lilconfig-3.1.3.tgz 691ms (cache miss)
1464 http fetch GET 200 https://registry.npmjs.org/readdirp/-/readdirp-3.6.0.tgz 713ms (cache miss)
1465 http fetch GET 200 https://registry.npmjs.org/object-hash/-/object-hash-3.0.0.tgz 741ms (cache miss)
1466 http fetch GET 200 https://registry.npmjs.org/glob-parent/-/glob-parent-6.0.2.tgz 739ms (cache miss)
1467 http fetch GET 200 https://registry.npmjs.org/normalize-path/-/normalize-path-3.0.0.tgz 743ms (cache miss)
1468 http fetch GET 200 https://registry.npmjs.org/didyoumean/-/didyoumean-1.2.2.tgz 794ms (cache miss)
1469 http fetch GET 200 https://registry.npmjs.org/arg/-/arg-5.0.2.tgz 794ms (cache miss)
1470 http fetch GET 200 https://registry.npmjs.org/update-browserslist-db/-/update-browserslist-db-1.3.1.tgz 810ms (cache miss)
1471 http fetch GET 200 https://registry.npmjs.org/ms/-/ms-2.1.3.tgz 840ms (cache miss)
1472 http fetch GET 200 https://registry.npmjs.org/postcss-js/-/postcss-js-4.1.0.tgz 867ms (cache miss)
1473 http fetch GET 200 https://registry.npmjs.org/scheduler/-/scheduler-0.27.0.tgz 859ms (cache miss)
1474 http fetch GET 200 https://registry.npmjs.org/@alloc/quick-lru/-/quick-lru-5.2.0.tgz 861ms (cache miss)
1475 http fetch GET 200 https://registry.npmjs.org/postcss-value-parser/-/postcss-value-parser-4.2.0.tgz 854ms (cache miss)
1476 http fetch GET 200 https://registry.npmjs.org/ts-interface-checker/-/ts-interface-checker-0.1.13.tgz 912ms (cache miss)
1477 http fetch GET 200 https://registry.npmjs.org/is-glob/-/is-glob-4.0.3.tgz 895ms (cache miss)
1478 http fetch GET 200 https://registry.npmjs.org/yallist/-/yallist-3.1.1.tgz 889ms (cache miss)
1479 http fetch GET 200 https://registry.npmjs.org/@types/babel__generator/-/babel__generator-7.27.0.tgz 910ms (cache miss)
1480 http fetch GET 200 https://registry.npmjs.org/@types/babel__template/-/babel__template-7.4.4.tgz 912ms (cache miss)
1481 http fetch GET 200 https://registry.npmjs.org/@jridgewell/resolve-uri/-/resolve-uri-3.1.2.tgz 911ms (cache miss)
1482 http fetch GET 200 https://registry.npmjs.org/lru-cache/-/lru-cache-5.1.1.tgz 914ms (cache miss)
1483 http fetch GET 200 https://registry.npmjs.org/@babel/helper-string-parser/-/helper-string-parser-7.29.7.tgz 916ms (cache miss)
1484 http fetch GET 200 https://registry.npmjs.org/@babel/helper-globals/-/helper-globals-7.29.7.tgz 942ms (cache miss)
1485 http fetch GET 200 https://registry.npmjs.org/@babel/helper-plugin-utils/-/helper-plugin-utils-7.29.7.tgz 948ms (cache miss)
1486 http fetch GET 200 https://registry.npmjs.org/picomatch/-/picomatch-2.3.2.tgz 998ms (cache miss)
1487 http fetch GET 200 https://registry.npmjs.org/@babel/compat-data/-/compat-data-7.29.7.tgz 976ms (cache miss)
1488 http fetch GET 200 https://registry.npmjs.org/postcss-load-config/-/postcss-load-config-6.0.1.tgz 1007ms (cache miss)
1489 http fetch GET 200 https://registry.npmjs.org/braces/-/braces-3.0.3.tgz 1012ms (cache miss)
1490 http fetch GET 200 https://registry.npmjs.org/picocolors/-/picocolors-1.1.1.tgz 982ms (cache miss)
1491 http fetch GET 200 https://registry.npmjs.org/@babel/helper-validator-option/-/helper-validator-option-7.29.7.tgz 987ms (cache miss)
1492 http fetch GET 200 https://registry.npmjs.org/node-releases/-/node-releases-2.0.53.tgz 1004ms (cache miss)
1493 http fetch GET 200 https://registry.npmjs.org/@jridgewell/remapping/-/remapping-2.3.5.tgz 988ms (cache miss)
1494 http fetch GET 200 https://registry.npmjs.org/convert-source-map/-/convert-source-map-2.0.0.tgz 987ms (cache miss)
1495 http fetch GET 200 https://registry.npmjs.org/js-tokens/-/js-tokens-4.0.0.tgz 998ms (cache miss)
1496 http fetch GET 200 https://registry.npmjs.org/gensync/-/gensync-1.0.0-beta.2.tgz 1001ms (cache miss)
1497 http fetch GET 200 https://registry.npmjs.org/fastq/-/fastq-1.20.1.tgz 1068ms (cache miss)
1498 http fetch GET 200 https://registry.npmjs.org/jsesc/-/jsesc-3.1.0.tgz 1031ms (cache miss)
1499 http fetch GET 200 https://registry.npmjs.org/@types/babel__core/-/babel__core-7.20.5.tgz 1027ms (cache miss)
1500 http fetch GET 200 https://registry.npmjs.org/@babel/plugin-transform-react-jsx-self/-/plugin-transform-react-jsx-self-7.29.7.tgz 1032ms (cache miss)
1501 http fetch GET 200 https://registry.npmjs.org/chokidar/-/chokidar-3.6.0.tgz 1072ms (cache miss)
1502 http fetch GET 200 https://registry.npmjs.org/@types/babel__traverse/-/babel__traverse-7.28.0.tgz 1064ms (cache miss)
1503 http fetch GET 200 https://registry.npmjs.org/dlv/-/dlv-1.1.3.tgz 1079ms (cache miss)
1504 http fetch GET 200 https://registry.npmjs.org/@babel/plugin-transform-react-jsx-source/-/plugin-transform-react-jsx-source-7.29.7.tgz 1044ms (cache miss)
1505 http fetch GET 200 https://registry.npmjs.org/@babel/code-frame/-/code-frame-7.29.7.tgz 1057ms (cache miss)
1506 http fetch GET 200 https://registry.npmjs.org/semver/-/semver-6.3.1.tgz 1067ms (cache miss)
1507 http fetch GET 200 https://registry.npmjs.org/postcss-import/-/postcss-import-15.1.0.tgz 1143ms (cache miss)
1508 http fetch GET 200 https://registry.npmjs.org/debug/-/debug-4.4.3.tgz 1122ms (cache miss)
1509 http fetch GET 200 https://registry.npmjs.org/@rolldown/pluginutils/-/pluginutils-1.0.0-beta.27.tgz 1129ms (cache miss)
1510 http fetch GET 200 https://registry.npmjs.org/browserslist/-/browserslist-4.28.8.tgz 1170ms (cache miss)
1511 http fetch GET 200 https://registry.npmjs.org/baseline-browser-mapping/-/baseline-browser-mapping-2.11.17.tgz 1210ms (cache miss)
1512 http fetch GET 200 https://registry.npmjs.org/@babel/helper-validator-identifier/-/helper-validator-identifier-7.29.7.tgz 1203ms (cache miss)
1513 http fetch GET 200 https://registry.npmjs.org/electron-to-chromium/-/electron-to-chromium-1.5.412.tgz 1219ms (cache miss)
1514 http fetch GET 200 https://registry.npmjs.org/react-refresh/-/react-refresh-0.17.0.tgz 1199ms (cache miss)
1515 http fetch GET 200 https://registry.npmjs.org/@babel/helper-compilation-targets/-/helper-compilation-targets-7.29.7.tgz 1227ms (cache miss)
1516 http fetch GET 200 https://registry.npmjs.org/@babel/helper-module-imports/-/helper-module-imports-7.29.7.tgz 1253ms (cache miss)
1517 http fetch GET 200 https://registry.npmjs.org/iceberg-js/-/iceberg-js-0.8.1.tgz 1269ms (cache miss)
1518 http fetch GET 200 https://registry.npmjs.org/@nodelib/fs.stat/-/fs.stat-2.0.5.tgz 1323ms (cache miss)
1519 http fetch GET 200 https://registry.npmjs.org/tslib/-/tslib-2.8.1.tgz 1298ms (cache miss)
1520 http fetch GET 200 https://registry.npmjs.org/source-map-js/-/source-map-js-1.2.1.tgz 1385ms (cache miss)
1521 http fetch GET 200 https://registry.npmjs.org/csstype/-/csstype-3.2.3.tgz 1422ms (cache miss)
1522 http fetch GET 200 https://registry.npmjs.org/fraction.js/-/fraction.js-5.3.4.tgz 1456ms (cache miss)
1523 http fetch GET 200 https://registry.npmjs.org/@babel/helper-module-transforms/-/helper-module-transforms-7.29.7.tgz 1441ms (cache miss)
1524 http fetch GET 200 https://registry.npmjs.org/nanoid/-/nanoid-3.3.18.tgz 1482ms (cache miss)
1525 http fetch GET 200 https://registry.npmjs.org/@babel/template/-/template-7.29.7.tgz 1466ms (cache miss)
1526 http fetch GET 200 https://registry.npmjs.org/any-promise/-/any-promise-1.3.0.tgz 1563ms (cache miss)
1527 http fetch GET 200 https://registry.npmjs.org/json5/-/json5-2.2.3.tgz 1521ms (cache miss)
1528 http fetch GET 200 https://registry.npmjs.org/@rollup/rollup-win32-x64-gnu/-/rollup-win32-x64-gnu-4.62.5.tgz 1600ms (cache miss)
1529 http fetch GET 200 https://registry.npmjs.org/@vitejs/plugin-react/-/plugin-react-4.7.0.tgz 1575ms (cache miss)
1530 http fetch GET 200 https://registry.npmjs.org/fdir/-/fdir-6.5.0.tgz 1593ms (cache miss)
1531 http fetch GET 200 https://registry.npmjs.org/glob-parent/-/glob-parent-5.1.2.tgz 1598ms (cache miss)
1532 http fetch GET 200 https://registry.npmjs.org/picomatch/-/picomatch-4.0.5.tgz 1605ms (cache miss)
1533 http fetch GET 200 https://registry.npmjs.org/glob-parent/-/glob-parent-5.1.2.tgz 1617ms (cache miss)
1534 http fetch GET 200 https://registry.npmjs.org/fdir/-/fdir-6.5.0.tgz 1623ms (cache miss)
1535 http fetch GET 200 https://registry.npmjs.org/@jridgewell/sourcemap-codec/-/sourcemap-codec-1.5.5.tgz 1684ms (cache miss)
1536 http fetch GET 200 https://registry.npmjs.org/@rollup/rollup-win32-x64-msvc/-/rollup-win32-x64-msvc-4.62.5.tgz 1763ms (cache miss)
1537 http fetch GET 200 https://registry.npmjs.org/@babel/parser/-/parser-7.29.8.tgz 1747ms (cache miss)
1538 http fetch GET 200 https://registry.npmjs.org/@jridgewell/gen-mapping/-/gen-mapping-0.3.13.tgz 1815ms (cache miss)
1539 http fetch GET 200 https://registry.npmjs.org/@types/react-dom/-/react-dom-19.2.4.tgz 1793ms (cache miss)
1540 http fetch GET 200 https://registry.npmjs.org/picomatch/-/picomatch-4.0.5.tgz 1781ms (cache miss)
1541 http fetch GET 200 https://registry.npmjs.org/react/-/react-19.2.8.tgz 1858ms (cache miss)
1542 http fetch GET 200 https://registry.npmjs.org/jiti/-/jiti-1.21.7.tgz 1937ms (cache miss)
1543 http fetch GET 200 https://registry.npmjs.org/@types/react/-/react-19.2.18.tgz 1903ms (cache miss)
1544 http fetch GET 200 https://registry.npmjs.org/postcss-selector-parser/-/postcss-selector-parser-6.1.4.tgz 2021ms (cache miss)
1545 http fetch GET 200 https://registry.npmjs.org/rollup/-/rollup-4.62.5.tgz 2196ms (cache miss)
1546 http fetch GET 200 https://registry.npmjs.org/@jridgewell/trace-mapping/-/trace-mapping-0.3.31.tgz 2156ms (cache miss)
1547 http fetch GET 200 https://registry.npmjs.org/@supabase/storage-js/-/storage-js-2.112.3.tgz 2184ms (cache miss)
1548 http fetch GET 200 https://registry.npmjs.org/@babel/generator/-/generator-7.29.8.tgz 2223ms (cache miss)
1549 http fetch GET 200 https://registry.npmjs.org/@supabase/postgrest-js/-/postgrest-js-2.112.3.tgz 2231ms (cache miss)
1550 http fetch GET 200 https://registry.npmjs.org/postcss/-/postcss-8.5.26.tgz 2233ms (cache miss)
1551 http fetch GET 200 https://registry.npmjs.org/fast-glob/-/fast-glob-3.3.3.tgz 2341ms (cache miss)
1552 http fetch GET 200 https://registry.npmjs.org/@supabase/supabase-js/-/supabase-js-2.112.3.tgz 2316ms (cache miss)
1553 http fetch GET 200 https://registry.npmjs.org/vite/-/vite-6.4.3.tgz 2337ms (cache miss)
1554 http fetch GET 200 https://registry.npmjs.org/@supabase/functions-js/-/functions-js-2.112.3.tgz 2366ms (cache miss)
1555 http fetch GET 200 https://registry.npmjs.org/@supabase/phoenix/-/phoenix-0.4.5.tgz 2391ms (cache miss)
1556 http fetch GET 200 https://registry.npmjs.org/@babel/traverse/-/traverse-7.29.8.tgz 2463ms (cache miss)
1557 http fetch GET 200 https://registry.npmjs.org/autoprefixer/-/autoprefixer-10.5.4.tgz 2520ms (cache miss)
1558 http fetch GET 200 https://registry.npmjs.org/react-dom/-/react-dom-19.2.8.tgz 2607ms (cache miss)
1559 http fetch GET 200 https://registry.npmjs.org/resolve/-/resolve-1.22.12.tgz 2684ms (cache miss)
1560 http fetch GET 200 https://registry.npmjs.org/@babel/core/-/core-7.29.7.tgz 2911ms (cache miss)
1561 http fetch GET 200 https://registry.npmjs.org/@esbuild/win32-x64/-/win32-x64-0.25.12.tgz 3064ms (cache miss)
1562 http fetch GET 200 https://registry.npmjs.org/@supabase/realtime-js/-/realtime-js-2.112.3.tgz 3060ms (cache miss)
1563 http fetch GET 200 https://registry.npmjs.org/@babel/types/-/types-7.29.8.tgz 3235ms (cache miss)
1564 http fetch GET 200 https://registry.npmjs.org/sucrase/-/sucrase-3.35.1.tgz 3334ms (cache miss)
1565 http fetch GET 200 https://registry.npmjs.org/@babel/helpers/-/helpers-7.29.7.tgz 3387ms (cache miss)
1566 http fetch GET 200 https://registry.npmjs.org/@supabase/auth-js/-/auth-js-2.112.3.tgz 3406ms (cache miss)
1567 http fetch GET 200 https://registry.npmjs.org/tailwindcss/-/tailwindcss-3.4.19.tgz 3445ms (cache miss)
1568 http fetch GET 200 https://registry.npmjs.org/typescript/-/typescript-5.7.3.tgz 3460ms (cache miss)
1569 http fetch GET 200 https://registry.npmjs.org/caniuse-lite/-/caniuse-lite-1.0.30001809.tgz 4457ms (cache miss)
1570 info run esbuild@0.25.12 postinstall node_modules/esbuild node install.js
1571 info run esbuild@0.25.12 postinstall { code: 0, signal: null }
1572 silly ADD node_modules/@types/estree
1573 silly ADD node_modules/@rollup/rollup-win32-x64-msvc
1574 silly ADD node_modules/@rollup/rollup-win32-x64-gnu
1575 silly ADD node_modules/@esbuild/win32-x64
1576 silly ADD node_modules/rollup
1577 silly ADD node_modules/esbuild
1578 silly ADD node_modules/escalade
1579 silly ADD node_modules/is-number
1580 silly ADD node_modules/thenify
1581 silly ADD node_modules/thenify-all
1582 silly ADD node_modules/object-assign
1583 silly ADD node_modules/any-promise
1584 silly ADD node_modules/ts-interface-checker
1585 silly ADD node_modules/tinyglobby
1586 silly ADD node_modules/tinyglobby/node_modules/picomatch
1587 silly ADD node_modules/tinyglobby/node_modules/fdir
1588 silly ADD node_modules/pirates
1589 silly ADD node_modules/mz
1590 silly ADD node_modules/lines-and-columns
1591 silly ADD node_modules/commander
1592 silly ADD node_modules/queue-microtask
1593 silly ADD node_modules/function-bind
1594 silly ADD node_modules/hasown
1595 silly ADD node_modules/supports-preserve-symlinks-flag
1596 silly ADD node_modules/path-parse
1597 silly ADD node_modules/is-core-module
1598 silly ADD node_modules/es-errors
1599 silly ADD node_modules/util-deprecate
1600 silly ADD node_modules/cssesc
1601 silly ADD node_modules/camelcase-css
1602 silly ADD node_modules/read-cache
1603 silly ADD node_modules/is-extglob
1604 silly ADD node_modules/binary-extensions
1605 silly ADD node_modules/to-regex-range
1606 silly ADD node_modules/reusify
1607 silly ADD node_modules/run-parallel
1608 silly ADD node_modules/fastq
1609 silly ADD node_modules/@nodelib/fs.scandir
1610 silly ADD node_modules/merge2
1611 silly ADD node_modules/@nodelib/fs.walk
1612 silly ADD node_modules/@nodelib/fs.stat
1613 silly ADD node_modules/fill-range
1614 silly ADD node_modules/picomatch
1615 silly ADD node_modules/readdirp
1616 silly ADD node_modules/is-binary-path
1617 silly ADD node_modules/braces
1618 silly ADD node_modules/anymatch
1619 silly ADD node_modules/sucrase
1620 silly ADD node_modules/resolve
1621 silly ADD node_modules/postcss-selector-parser
1622 silly ADD node_modules/postcss-nested
1623 silly ADD node_modules/postcss-load-config
1624 silly ADD node_modules/postcss-js
1625 silly ADD node_modules/postcss-import
1626 silly ADD node_modules/object-hash
1627 silly ADD node_modules/normalize-path
1628 silly ADD node_modules/micromatch
1629 silly ADD node_modules/lilconfig
1630 silly ADD node_modules/jiti
1631 silly ADD node_modules/is-glob
1632 silly ADD node_modules/glob-parent
1633 silly ADD node_modules/fast-glob
1634 silly ADD node_modules/fast-glob/node_modules/glob-parent
1635 silly ADD node_modules/dlv
1636 silly ADD node_modules/didyoumean
1637 silly ADD node_modules/chokidar
1638 silly ADD node_modules/chokidar/node_modules/glob-parent
1639 silly ADD node_modules/arg
1640 silly ADD node_modules/@alloc/quick-lru
1641 silly ADD node_modules/scheduler
1642 silly ADD node_modules/source-map-js
1643 silly ADD node_modules/nanoid
1644 silly ADD node_modules/yallist
1645 silly ADD node_modules/ms
1646 silly ADD node_modules/update-browserslist-db
1647 silly ADD node_modules/node-releases
1648 silly ADD node_modules/electron-to-chromium
1649 silly ADD node_modules/baseline-browser-mapping
1650 silly ADD node_modules/postcss-value-parser
1651 silly ADD node_modules/fraction.js
1652 silly ADD node_modules/caniuse-lite
1653 silly ADD node_modules/@types/babel__traverse
1654 silly ADD node_modules/@types/babel__template
1655 silly ADD node_modules/@types/babel__generator
1656 silly ADD node_modules/@jridgewell/resolve-uri
1657 silly ADD node_modules/@jridgewell/sourcemap-codec
1658 silly ADD node_modules/@babel/helper-string-parser
1659 silly ADD node_modules/@babel/helper-globals
1660 silly ADD node_modules/@babel/helper-plugin-utils
1661 silly ADD node_modules/@babel/helper-module-imports
1662 silly ADD node_modules/lru-cache
1663 silly ADD node_modules/browserslist
1664 silly ADD node_modules/@babel/helper-validator-option
1665 silly ADD node_modules/@babel/compat-data
1666 silly ADD node_modules/jsesc
1667 silly ADD node_modules/@jridgewell/trace-mapping
1668 silly ADD node_modules/@jridgewell/gen-mapping
1669 silly ADD node_modules/picocolors
1670 silly ADD node_modules/js-tokens
1671 silly ADD node_modules/@babel/helper-validator-identifier
1672 silly ADD node_modules/semver
1673 silly ADD node_modules/json5
1674 silly ADD node_modules/gensync
1675 silly ADD node_modules/debug
1676 silly ADD node_modules/convert-source-map
1677 silly ADD node_modules/@jridgewell/remapping
1678 silly ADD node_modules/@babel/types
1679 silly ADD node_modules/@babel/traverse
1680 silly ADD node_modules/@babel/template
1681 silly ADD node_modules/@babel/parser
1682 silly ADD node_modules/@babel/helpers
1683 silly ADD node_modules/@babel/helper-module-transforms
1684 silly ADD node_modules/@babel/helper-compilation-targets
1685 silly ADD node_modules/@babel/generator
1686 silly ADD node_modules/@babel/code-frame
1687 silly ADD node_modules/react-refresh
1688 silly ADD node_modules/@types/babel__core
1689 silly ADD node_modules/@rolldown/pluginutils
1690 silly ADD node_modules/@babel/plugin-transform-react-jsx-source
1691 silly ADD node_modules/@babel/plugin-transform-react-jsx-self
1692 silly ADD node_modules/@babel/core
1693 silly ADD node_modules/csstype
1694 silly ADD node_modules/iceberg-js
1695 silly ADD node_modules/@supabase/phoenix
1696 silly ADD node_modules/tslib
1697 silly ADD node_modules/@supabase/storage-js
1698 silly ADD node_modules/@supabase/realtime-js
1699 silly ADD node_modules/@supabase/postgrest-js
1700 silly ADD node_modules/@supabase/functions-js
1701 silly ADD node_modules/@supabase/auth-js
1702 silly ADD node_modules/typescript
1703 silly ADD node_modules/tailwindcss
1704 silly ADD node_modules/react-dom
1705 silly ADD node_modules/react
1706 silly ADD node_modules/postcss
1707 silly ADD node_modules/autoprefixer
1708 silly ADD node_modules/vite
1709 silly ADD node_modules/vite/node_modules/picomatch
1710 silly ADD node_modules/vite/node_modules/fdir
1711 silly ADD node_modules/@vitejs/plugin-react
1712 silly ADD node_modules/@types/react-dom
1713 silly ADD node_modules/@types/react
1714 silly ADD node_modules/@supabase/supabase-js
1715 verbose cwd C:\Users\Adelin\Documents\Codex\2026-08-21\files-pasted-by-the-user-construie
1716 verbose os Windows_NT 10.0.19045
1717 verbose node v24.15.0
1718 verbose npm  v11.12.1
1719 notice
1719 notice New major version of npm available! 11.12.1 -> 12.0.2
1719 notice Changelog: https://github.com/npm/cli/releases/tag/v12.0.2
1719 notice To update run: npm install -g npm@12.0.2
1719 notice  { force: true, Symbol(proc-log.meta): true }
1720 verbose exit 0
1721 info ok
